Subject ID,Recording ID,ROI,Extraction Method,Number of Windows,MAE (bpm),RMSE (bpm),Pearson r,Pearson p,Bias (bpm),SD (bpm),LoA Lower (bpm),LoA Upper (bpm),Mean rPPG (bpm),Median rPPG (bpm),Mean Ground Truth (bpm),Median Ground Truth (bpm),Mean Error (bpm),Median Error (bpm),Median Absolute Error (bpm)
s28,vid_s28_T1.avi,manual,R,83,11.76,14.01,-0.019,0.863,-8.14,11.47,-30.62,14.35,78.78,78.38,86.92,88.21,-8.14,-10.3,11.84
s28,vid_s28_T1.avi,manual,G,83,10.03,12.21,0.034,0.763,-8.11,9.18,-26.12,9.89,78.8,78.96,86.92,88.21,-8.11,-8.86,9.68
s28,vid_s28_T1.avi,manual,B,83,11.79,13.85,0.11,0.323,-10.78,8.75,-27.93,6.37,76.14,75.52,86.92,88.21,-10.78,-12.4,12.4
s28,vid_s28_T1.avi,manual,GREY_W,83,10.88,13.06,0.028,0.802,-8.58,9.9,-27.99,10.83,78.34,78.39,86.92,88.21,-8.58,-9.91,10.4
s28,vid_s28_T1.avi,manual,GREY_A,83,11.33,13.48,0.048,0.667,-9.15,9.97,-28.68,10.39,77.77,77.83,86.92,88.21,-9.15,-10.63,10.63
s28,vid_s28_T1.avi,manual,PCA_1,83,11.31,13.45,0.057,0.608,-9.29,9.78,-28.47,9.88,77.62,77.36,86.92,88.21,-9.29,-10.92,10.92
s28,vid_s28_T1.avi,manual,PCA_2,83,11.27,13.26,0.014,0.901,-5.74,12.03,-29.31,17.84,81.18,79.8,86.92,88.21,-5.74,-9.26,11.44
s28,vid_s28_T1.avi,manual,PCA_3,83,5.0,6.07,0.062,0.575,0.95,6.03,-10.87,12.77,87.86,87.65,86.92,88.21,0.95,1.32,4.58
s28,vid_s28_T1.avi,manual,ZCA_1,83,9.48,11.68,-0.017,0.879,-6.77,9.57,-25.53,11.99,80.15,81.03,86.92,88.21,-6.77,-6.35,8.23
s28,vid_s28_T1.avi,manual,ZCA_2,83,5.06,6.01,0.01,0.930,0.47,6.03,-11.34,12.28,87.39,87.19,86.92,88.21,0.47,1.02,4.29
s28,vid_s28_T1.avi,manual,ZCA_3,83,6.12,7.31,0.164,0.139,-2.64,6.86,-16.09,10.8,84.27,85.14,86.92,88.21,-2.64,-3.48,5.25
s28,vid_s28_T1.avi,manual,ICA_1,83,5.02,6.12,0.05,0.653,0.93,6.08,-10.99,12.85,87.84,87.66,86.92,88.21,0.93,1.24,4.63
s28,vid_s28_T1.avi,manual,ICA_2,83,11.04,13.52,-0.069,0.537,-7.33,11.43,-29.74,15.08,79.58,79.93,86.92,88.21,-7.33,-8.75,10.96
s28,vid_s28_T1.avi,manual,ICA_3,83,9.58,11.26,0.239,0.030,-8.24,7.71,-23.36,6.87,78.67,77.48,86.92,88.21,-8.24,-9.52,9.83
s28,vid_s28_T1.avi,manual,CHROM,83,4.59,5.58,0.091,0.414,-0.96,5.53,-11.79,9.87,85.96,85.81,86.92,88.21,-0.96,-1.89,3.72
s28,vid_s28_T1.avi,manual,POS,83,4.63,5.52,0.121,0.275,0.59,5.52,-10.23,11.41,87.51,87.34,86.92,88.21,0.59,1.27,3.74
s28,vid_s28_T1.avi,none,R,83,12.37,14.37,0.039,0.726,-10.82,9.52,-29.48,7.85,76.1,75.48,86.92,88.21,-10.82,-12.85,12.85
s28,vid_s28_T1.avi,none,G,83,11.91,13.66,0.003,0.976,-10.39,8.92,-27.86,7.08,76.53,75.57,86.92,88.21,-10.39,-10.88,11.31
s28,vid_s28_T1.avi,none,B,83,14.18,15.79,-0.006,0.960,-13.52,8.22,-29.62,2.59,73.4,72.62,86.92,88.21,-13.52,-15.37,15.37
s28,vid_s28_T1.avi,none,GREY_W,83,12.43,14.2,0.012,0.911,-11.04,8.99,-28.65,6.57,75.88,75.7,86.92,88.21,-11.04,-11.81,11.81
s28,vid_s28_T1.avi,none,GREY_A,83,12.88,14.64,0.019,0.868,-11.71,8.84,-29.04,5.61,75.2,74.81,86.92,88.21,-11.71,-13.0,13.0
s28,vid_s28_T1.avi,none,PCA_1,83,12.84,14.62,0.019,0.864,-11.66,8.87,-29.04,5.73,75.26,74.83,86.92,88.21,-11.66,-12.99,12.99
s28,vid_s28_T1.avi,none,PCA_2,83,8.88,11.01,-0.21,0.057,-1.66,10.95,-23.13,19.8,85.25,84.22,86.92,88.21,-1.66,-3.54,7.76
s28,vid_s28_T1.avi,none,PCA_3,83,6.74,8.29,0.111,0.320,-2.82,7.85,-18.2,12.56,84.1,85.06,86.92,88.21,-2.82,-3.35,5.55
s28,vid_s28_T1.avi,none,ZCA_1,83,7.5,9.04,-0.107,0.335,-3.35,8.45,-19.9,13.2,83.57,84.87,86.92,88.21,-3.35,-3.11,6.56
s28,vid_s28_T1.avi,none,ZCA_2,83,7.36,9.64,0.095,0.392,-2.25,9.43,-20.73,16.22,84.66,86.8,86.92,88.21,-2.25,-1.71,5.1
s28,vid_s28_T1.avi,none,ZCA_3,83,7.8,9.42,-0.123,0.268,-5.38,7.78,-20.63,9.86,81.54,81.52,86.92,88.21,-5.38,-5.34,7.44
s28,vid_s28_T1.avi,none,ICA_1,83,8.06,9.91,-0.088,0.427,-4.47,8.9,-21.91,12.97,82.45,85.42,86.92,88.21,-4.47,-3.77,6.86
s28,vid_s28_T1.avi,none,ICA_2,83,6.49,7.94,0.101,0.366,-1.82,7.78,-17.07,13.42,85.09,86.06,86.92,88.21,-1.82,-2.73,5.21
s28,vid_s28_T1.avi,none,ICA_3,83,7.66,9.93,0.03,0.789,-5.17,8.52,-21.88,11.54,81.75,83.45,86.92,88.21,-5.17,-3.94,6.03
s28,vid_s28_T1.avi,none,CHROM,83,6.29,7.82,0.081,0.466,-1.73,7.67,-16.76,13.29,85.18,86.68,86.92,88.21,-1.73,-2.16,4.86
s28,vid_s28_T1.avi,none,POS,83,6.75,8.41,0.101,0.366,-2.57,8.06,-18.36,13.21,84.34,85.56,86.92,88.21,-2.57,-3.32,5.69
s28,vid_s28_T1.avi,face_track,R,83,7.15,9.14,-0.12,0.280,-1.13,9.13,-19.02,16.76,85.79,86.52,86.92,88.21,-1.13,-0.83,5.1
s28,vid_s28_T1.avi,face_track,G,83,6.5,8.63,-0.075,0.502,-2.05,8.44,-18.59,14.48,84.86,85.05,86.92,88.21,-2.05,-1.78,4.61
s28,vid_s28_T1.avi,face_track,B,83,7.12,9.13,-0.059,0.599,-1.49,9.07,-19.26,16.28,85.43,86.7,86.92,88.21,-1.49,-2.24,5.92
s28,vid_s28_T1.avi,face_track,GREY_W,83,6.72,8.96,-0.11,0.321,-1.88,8.81,-19.15,15.4,85.04,85.97,86.92,88.21,-1.88,-1.49,5.06
s28,vid_s28_T1.avi,face_track,GREY_A,83,6.76,9.04,-0.107,0.337,-1.81,8.91,-19.27,15.66,85.11,86.41,86.92,88.21,-1.81,-1.62,5.07
s28,vid_s28_T1.avi,face_track,PCA_1,83,6.81,9.06,-0.112,0.315,-1.78,8.94,-19.29,15.74,85.14,86.72,86.92,88.21,-1.78,-1.52,4.94
s28,vid_s28_T1.avi,face_track,PCA_2,83,6.93,8.58,0.111,0.316,3.38,7.93,-12.16,18.92,90.3,90.97,86.92,88.21,3.38,3.71,5.59
s28,vid_s28_T1.avi,face_track,PCA_3,83,6.28,7.48,0.087,0.432,1.76,7.32,-12.58,16.1,88.68,87.43,86.92,88.21,1.76,2.14,5.11
s28,vid_s28_T1.avi,face_track,ZCA_1,83,8.39,10.29,-0.105,0.346,3.31,9.8,-15.89,22.52,90.23,90.0,86.92,88.21,3.31,3.07,7.42
s28,vid_s28_T1.avi,face_track,ZCA_2,83,5.65,7.49,-0.022,0.842,1.31,7.42,-13.23,15.85,88.23,87.17,86.92,88.21,1.31,0.51,4.06
s28,vid_s28_T1.avi,face_track,ZCA_3,83,6.06,7.31,0.234,0.033,1.34,7.23,-12.82,15.51,88.26,88.57,86.92,88.21,1.34,0.47,5.47
s28,vid_s28_T1.avi,face_track,ICA_1,83,5.96,7.17,-0.008,0.943,1.86,6.97,-11.79,15.52,88.78,88.47,86.92,88.21,1.86,2.56,5.04
s28,vid_s28_T1.avi,face_track,ICA_2,83,7.1,8.83,0.089,0.423,3.44,8.19,-12.6,19.49,90.36,91.06,86.92,88.21,3.44,2.69,6.61
s28,vid_s28_T1.avi,face_track,ICA_3,83,6.33,8.08,-0.004,0.968,-2.14,7.84,-17.5,13.22,84.78,84.58,86.92,88.21,-2.14,-2.58,4.71
s28,vid_s28_T1.avi,face_track,CHROM,83,5.42,6.77,-0.023,0.836,1.55,6.63,-11.45,14.55,88.46,87.85,86.92,88.21,1.55,1.5,4.27
s28,vid_s28_T1.avi,face_track,POS,83,6.05,7.44,-0.015,0.896,2.27,7.13,-11.69,16.24,89.19,88.71,86.92,88.21,2.27,2.87,4.96
s28,vid_s28_T1.avi,bbox_forehead,R,83,6.74,9.0,-0.168,0.128,3.88,8.17,-12.13,19.9,90.8,90.42,86.92,88.21,3.88,2.25,5.08
s28,vid_s28_T1.avi,bbox_forehead,G,83,6.8,9.24,-0.249,0.023,4.19,8.28,-12.03,20.42,91.11,90.33,86.92,88.21,4.19,2.96,4.59
s28,vid_s28_T1.avi,bbox_forehead,B,83,6.89,9.03,-0.237,0.031,3.8,8.24,-12.34,19.94,90.72,90.62,86.92,88.21,3.8,2.83,5.05
s28,vid_s28_T1.avi,bbox_forehead,GREY_W,83,6.7,9.09,-0.223,0.042,4.12,8.15,-11.85,20.09,91.04,90.48,86.92,88.21,4.12,2.48,4.71
s28,vid_s28_T1.avi,bbox_forehead,GREY_A,83,6.68,9.02,-0.219,0.047,4.06,8.1,-11.82,19.94,90.98,90.83,86.92,88.21,4.06,2.61,4.71
s28,vid_s28_T1.avi,bbox_forehead,PCA_1,83,6.66,9.01,-0.213,0.054,4.05,8.1,-11.82,19.92,90.97,90.5,86.92,88.21,4.05,2.26,4.68
s28,vid_s28_T1.avi,bbox_forehead,PCA_2,83,6.16,7.68,-0.028,0.798,2.56,7.28,-11.71,16.84,89.48,89.43,86.92,88.21,2.56,2.04,5.31
s28,vid_s28_T1.avi,bbox_forehead,PCA_3,83,4.97,6.18,0.003,0.981,1.78,5.95,-9.89,13.45,88.7,89.07,86.92,88.21,1.78,1.8,4.43
s28,vid_s28_T1.avi,bbox_forehead,ZCA_1,83,5.78,7.38,0.035,0.753,3.22,6.68,-9.88,16.32,90.13,90.08,86.92,88.21,3.22,2.7,4.76
s28,vid_s28_T1.avi,bbox_forehead,ZCA_2,83,6.18,8.89,-0.129,0.243,3.18,8.35,-13.19,19.54,90.09,89.64,86.92,88.21,3.18,2.17,3.94
s28,vid_s28_T1.avi,bbox_forehead,ZCA_3,83,7.46,9.04,-0.147,0.184,-0.97,9.04,-18.68,16.75,85.95,85.91,86.92,88.21,-0.97,-1.29,7.15
s28,vid_s28_T1.avi,bbox_forehead,ICA_1,83,5.9,7.48,-0.012,0.913,3.41,6.7,-9.72,16.53,90.32,90.23,86.92,88.21,3.41,3.06,5.07
s28,vid_s28_T1.avi,bbox_forehead,ICA_2,83,5.56,6.75,0.112,0.313,-1.34,6.66,-14.39,11.71,85.57,86.25,86.92,88.21,-1.34,-2.09,4.8
s28,vid_s28_T1.avi,bbox_forehead,ICA_3,83,7.08,9.05,-0.207,0.060,2.13,8.85,-15.21,19.48,89.05,88.03,86.92,88.21,2.13,1.02,5.97
s28,vid_s28_T1.avi,bbox_forehead,CHROM,83,4.74,6.08,0.035,0.752,1.3,5.97,-10.41,13.01,88.22,88.57,86.92,88.21,1.3,0.33,4.01
s28,vid_s28_T1.avi,bbox_forehead,POS,83,5.96,8.07,-0.114,0.304,3.33,7.4,-11.17,17.83,90.25,90.56,86.92,88.21,3.33,2.69,4.65
s28,vid_s28_T1.avi,mesh_forehead,R,83,12.63,14.42,-0.113,0.309,-8.27,11.88,-31.56,15.02,78.64,76.22,86.92,88.21,-8.27,-10.06,11.77
s28,vid_s28_T1.avi,mesh_forehead,G,83,9.7,11.81,-0.006,0.959,-5.63,10.45,-26.1,14.84,81.29,81.14,86.92,88.21,-5.63,-6.71,8.79
s28,vid_s28_T1.avi,mesh_forehead,B,83,12.42,14.17,-0.113,0.308,-8.57,11.36,-30.83,13.69,78.35,76.77,86.92,88.21,-8.57,-9.46,11.39
s28,vid_s28_T1.avi,mesh_forehead,GREY_W,83,11.01,12.89,-0.028,0.799,-6.85,10.99,-28.39,14.69,80.07,79.81,86.92,88.21,-6.85,-8.07,9.61
s28,vid_s28_T1.avi,mesh_forehead,GREY_A,83,11.74,13.56,-0.058,0.600,-7.59,11.31,-29.76,14.58,79.33,78.26,86.92,88.21,-7.59,-8.98,10.08
s28,vid_s28_T1.avi,mesh_forehead,PCA_1,83,11.77,13.59,-0.06,0.592,-7.61,11.33,-29.82,14.6,79.31,78.25,86.92,88.21,-7.61,-9.03,10.15
s28,vid_s28_T1.avi,mesh_forehead,PCA_2,83,7.22,9.12,0.098,0.379,-5.38,7.41,-19.91,9.14,81.53,83.05,86.92,88.21,-5.38,-4.73,5.34
s28,vid_s28_T1.avi,mesh_forehead,PCA_3,83,4.8,5.93,0.066,0.554,0.97,5.89,-10.57,12.52,87.89,87.91,86.92,88.21,0.97,0.7,4.58
s28,vid_s28_T1.avi,mesh_forehead,ZCA_1,83,6.1,7.6,0.022,0.846,-2.45,7.24,-16.63,11.73,84.46,85.61,86.92,88.21,-2.45,-3.99,5.02
s28,vid_s28_T1.avi,mesh_forehead,ZCA_2,83,5.15,6.85,-0.019,0.862,0.6,6.86,-12.85,14.05,87.52,87.65,86.92,88.21,0.6,0.48,4.68
s28,vid_s28_T1.avi,mesh_forehead,ZCA_3,83,8.33,10.34,-0.078,0.486,-6.61,8.0,-22.29,9.08,80.31,80.65,86.92,88.21,-6.61,-6.26,7.21
s28,vid_s28_T1.avi,mesh_forehead,ICA_1,83,4.87,5.92,0.063,0.571,0.99,5.88,-10.52,12.51,87.91,87.89,86.92,88.21,0.99,1.48,4.5
s28,vid_s28_T1.avi,mesh_forehead,ICA_2,83,12.46,14.07,-0.11,0.321,-7.95,11.68,-30.83,14.93,78.97,77.36,86.92,88.21,-7.95,-11.08,12.16
s28,vid_s28_T1.avi,mesh_forehead,ICA_3,83,9.27,11.26,0.051,0.649,-6.81,9.01,-24.48,10.85,80.1,80.75,86.92,88.21,-6.81,-7.57,8.59
s28,vid_s28_T1.avi,mesh_forehead,CHROM,83,4.73,5.76,0.13,0.242,-0.55,5.77,-11.86,10.75,86.36,86.77,86.92,88.21,-0.55,-0.57,4.5
s28,vid_s28_T1.avi,mesh_forehead,POS,83,4.81,5.85,0.085,0.447,0.97,5.81,-10.41,12.35,87.89,87.96,86.92,88.21,0.97,1.58,4.43
s28,vid_s28_T2.avi,manual,R,83,9.17,11.05,-0.295,0.007,1.3,11.04,-20.33,22.93,82.82,81.58,81.52,80.38,1.3,1.23,7.89
s28,vid_s28_T2.avi,manual,G,83,9.26,11.0,-0.331,0.002,-0.93,11.03,-22.55,20.69,80.58,79.58,81.52,80.38,-0.93,-1.29,9.61
s28,vid_s28_T2.avi,manual,B,83,9.68,11.58,-0.355,<0.001,-2.28,11.42,-24.66,20.11,79.24,78.04,81.52,80.38,-2.28,-2.09,9.29
s28,vid_s28_T2.avi,manual,GREY_W,83,9.31,11.04,-0.329,0.002,-0.44,11.1,-22.2,21.31,81.07,80.34,81.52,80.38,-0.44,-0.33,8.71
s28,vid_s28_T2.avi,manual,GREY_A,83,9.41,11.15,-0.336,0.002,-0.69,11.2,-22.64,21.26,80.83,79.84,81.52,80.38,-0.69,-0.28,9.18
s28,vid_s28_T2.avi,manual,PCA_1,83,9.41,11.16,-0.337,0.002,-0.72,11.2,-22.68,21.24,80.8,79.8,81.52,80.38,-0.72,-0.28,9.22
s28,vid_s28_T2.avi,manual,PCA_2,83,10.42,13.08,-0.315,0.004,6.57,11.37,-15.72,28.86,88.09,87.95,81.52,80.38,6.57,5.35,8.63
s28,vid_s28_T2.avi,manual,PCA_3,83,12.73,13.82,-0.026,0.818,10.19,9.4,-8.22,28.61,91.71,91.87,81.52,80.38,10.19,12.35,13.0
s28,vid_s28_T2.avi,manual,ZCA_1,83,11.07,12.84,-0.212,0.055,6.52,11.13,-15.29,28.33,88.03,88.82,81.52,80.38,6.52,9.52,10.36
s28,vid_s28_T2.avi,manual,ZCA_2,83,9.44,10.83,-0.113,0.309,7.35,8.0,-8.34,23.04,88.87,89.18,81.52,80.38,7.35,8.8,9.32
s28,vid_s28_T2.avi,manual,ZCA_3,83,11.38,13.17,-0.244,0.026,4.48,12.46,-19.96,28.91,85.99,87.9,81.52,80.38,4.48,7.69,11.22
s28,vid_s28_T2.avi,manual,ICA_1,83,13.23,14.26,-0.018,0.875,10.33,9.89,-9.05,29.7,91.84,92.41,81.52,80.38,10.33,13.5,14.36
s28,vid_s28_T2.avi,manual,ICA_2,83,9.08,10.87,-0.173,0.117,4.05,10.15,-15.83,23.94,85.57,84.61,81.52,80.38,4.05,4.23,7.49
s28,vid_s28_T2.avi,manual,ICA_3,83,9.65,11.53,-0.316,0.004,-0.66,11.58,-23.35,22.03,80.86,81.69,81.52,80.38,-0.66,-1.13,8.68
s28,vid_s28_T2.avi,manual,CHROM,83,10.07,11.45,-0.057,0.609,7.43,8.77,-9.76,24.62,88.95,89.3,81.52,80.38,7.43,9.17,10.01
s28,vid_s28_T2.avi,manual,POS,83,11.42,12.89,-0.054,0.630,9.22,9.06,-8.53,26.97,90.74,91.52,81.52,80.38,9.22,11.46,11.74
s28,vid_s28_T2.avi,none,R,83,8.11,10.22,0.09,0.421,3.26,9.74,-15.83,22.36,84.78,84.68,81.52,80.38,3.26,2.44,6.73
s28,vid_s28_T2.avi,none,G,83,7.34,9.13,0.096,0.387,0.57,9.16,-17.39,18.53,82.09,81.73,81.52,80.38,0.57,-0.75,5.54
s28,vid_s28_T2.avi,none,B,83,6.68,8.59,0.109,0.325,-1.03,8.58,-17.84,15.79,80.49,80.11,81.52,80.38,-1.03,-0.93,5.87
s28,vid_s28_T2.avi,none,GREY_W,83,7.52,9.38,0.098,0.377,1.25,9.35,-17.07,19.58,82.77,82.14,81.52,80.38,1.25,-0.21,6.18
s28,vid_s28_T2.avi,none,GREY_A,83,7.4,9.25,0.102,0.361,1.0,9.25,-17.13,19.13,82.51,82.08,81.52,80.38,1.0,-0.2,6.0
s28,vid_s28_T2.avi,none,PCA_1,83,7.39,9.24,0.102,0.360,0.97,9.24,-17.15,19.09,82.49,82.1,81.52,80.38,0.97,-0.25,5.96
s28,vid_s28_T2.avi,none,PCA_2,83,11.29,13.8,0.063,0.571,10.1,9.46,-8.43,28.64,91.62,92.3,81.52,80.38,10.1,9.89,10.09
s28,vid_s28_T2.avi,none,PCA_3,83,8.82,10.71,-0.036,0.744,1.53,10.67,-19.37,22.44,83.05,84.89,81.52,80.38,1.53,3.98,8.46
s28,vid_s28_T2.avi,none,ZCA_1,83,10.61,12.74,-0.01,0.925,9.53,8.52,-7.17,26.22,91.04,90.98,81.52,80.38,9.53,10.27,10.27
s28,vid_s28_T2.avi,none,ZCA_2,83,9.56,11.77,-0.203,0.065,1.71,11.71,-21.25,24.66,83.22,84.73,81.52,80.38,1.71,1.11,8.16
s28,vid_s28_T2.avi,none,ZCA_3,83,8.28,10.65,-0.023,0.834,-3.1,10.25,-23.19,16.98,78.42,76.74,81.52,80.38,-3.1,-2.96,6.22
s28,vid_s28_T2.avi,none,ICA_1,83,6.59,8.85,0.04,0.718,-1.9,8.69,-18.94,15.14,79.62,77.54,81.52,80.38,-1.9,-0.93,4.37
s28,vid_s28_T2.avi,none,ICA_2,83,11.19,13.34,-0.206,0.061,3.76,12.87,-21.46,28.99,85.28,87.97,81.52,80.38,3.76,2.84,11.13
s28,vid_s28_T2.avi,none,ICA_3,83,12.47,14.35,-0.06,0.588,11.68,8.38,-4.76,28.11,93.19,92.72,81.52,80.38,11.68,12.02,12.02
s28,vid_s28_T2.avi,none,CHROM,83,9.03,10.75,-0.062,0.577,4.42,9.86,-14.92,23.75,85.93,85.59,81.52,80.38,4.42,6.06,9.23
s28,vid_s28_T2.avi,none,POS,83,10.53,12.39,-0.127,0.253,7.94,9.58,-10.83,26.71,89.46,88.69,81.52,80.38,7.94,9.17,9.78
s28,vid_s28_T2.avi,face_track,R,83,7.5,9.09,0.164,0.138,4.47,7.97,-11.15,20.08,85.99,84.84,81.52,80.38,4.47,4.8,6.68
s28,vid_s28_T2.avi,face_track,G,83,7.29,8.91,0.161,0.145,4.37,7.82,-10.96,19.69,85.88,84.23,81.52,80.38,4.37,3.9,7.02
s28,vid_s28_T2.avi,face_track,B,83,8.04,9.69,0.109,0.328,5.44,8.07,-10.36,21.25,86.96,86.08,81.52,80.38,5.44,6.31,7.53
s28,vid_s28_T2.avi,face_track,GREY_W,83,7.26,8.84,0.165,0.136,4.3,7.77,-10.92,19.53,85.82,84.71,81.52,80.38,4.3,3.5,7.04
s28,vid_s28_T2.avi,face_track,GREY_A,83,7.3,8.84,0.159,0.150,4.38,7.73,-10.76,19.52,85.9,84.77,81.52,80.38,4.38,4.49,7.28
s28,vid_s28_T2.avi,face_track,PCA_1,83,7.28,8.83,0.163,0.142,4.34,7.74,-10.83,19.51,85.86,84.89,81.52,80.38,4.34,3.75,7.15
s28,vid_s28_T2.avi,face_track,PCA_2,83,13.21,15.29,0.043,0.702,12.7,8.56,-4.08,29.48,94.22,93.68,81.52,80.38,12.7,13.84,13.84
s28,vid_s28_T2.avi,face_track,PCA_3,83,11.51,13.1,0.095,0.392,9.67,8.88,-7.74,27.09,91.19,90.6,81.52,80.38,9.67,10.61,11.47
s28,vid_s28_T2.avi,face_track,ZCA_1,83,9.84,12.07,0.011,0.924,7.83,9.24,-10.29,25.95,89.35,88.07,81.52,80.38,7.83,8.29,9.0
s28,vid_s28_T2.avi,face_track,ZCA_2,83,9.6,11.11,0.08,0.472,6.63,8.97,-10.95,24.21,88.15,88.08,81.52,80.38,6.63,7.47,8.58
s28,vid_s28_T2.avi,face_track,ZCA_3,83,13.31,15.19,0.095,0.394,12.54,8.63,-4.38,29.46,94.05,94.8,81.52,80.38,12.54,13.15,13.15
s28,vid_s28_T2.avi,face_track,ICA_1,83,12.44,14.13,0.035,0.756,11.19,8.69,-5.85,28.22,92.7,93.62,81.52,80.38,11.19,11.67,11.87
s28,vid_s28_T2.avi,face_track,ICA_2,83,10.88,13.29,-0.07,0.532,9.87,8.95,-7.67,27.41,91.39,90.53,81.52,80.38,9.87,10.69,10.69
s28,vid_s28_T2.avi,face_track,ICA_3,83,8.36,10.22,0.13,0.241,5.67,8.56,-11.1,22.44,87.19,87.17,81.52,80.38,5.67,6.36,7.5
s28,vid_s28_T2.avi,face_track,CHROM,83,11.42,12.83,0.099,0.376,9.41,8.77,-7.78,26.6,90.93,90.62,81.52,80.38,9.41,11.53,11.73
s28,vid_s28_T2.avi,face_track,POS,83,11.29,12.76,0.05,0.654,9.1,9.0,-8.53,26.73,90.62,90.42,81.52,80.38,9.1,10.41,11.71
s28,vid_s28_T2.avi,bbox_forehead,R,83,11.56,14.69,-0.073,0.512,10.93,9.89,-8.45,30.3,92.44,91.93,81.52,80.38,10.93,9.38,9.78
s28,vid_s28_T2.avi,bbox_forehead,G,83,11.74,14.95,-0.137,0.217,10.79,10.42,-9.62,31.2,92.31,91.67,81.52,80.38,10.79,8.73,9.64
s28,vid_s28_T2.avi,bbox_forehead,B,83,12.13,15.29,-0.148,0.182,10.96,10.73,-10.06,31.98,92.48,91.98,81.52,80.38,10.96,9.15,9.52
s28,vid_s28_T2.avi,bbox_forehead,GREY_W,83,11.7,14.91,-0.116,0.295,10.87,10.26,-9.23,30.98,92.39,92.1,81.52,80.38,10.87,9.57,9.96
s28,vid_s28_T2.avi,bbox_forehead,GREY_A,83,11.76,14.98,-0.117,0.293,10.94,10.29,-9.24,31.11,92.45,92.15,81.52,80.38,10.94,9.41,9.92
s28,vid_s28_T2.avi,bbox_forehead,PCA_1,83,11.72,14.92,-0.11,0.324,10.93,10.22,-9.09,30.96,92.45,92.27,81.52,80.38,10.93,9.8,10.05
s28,vid_s28_T2.avi,bbox_forehead,PCA_2,83,8.91,10.8,-0.02,0.855,5.95,9.07,-11.83,23.73,87.47,86.83,81.52,80.38,5.95,7.32,8.82
s28,vid_s28_T2.avi,bbox_forehead,PCA_3,83,11.27,12.81,0.213,0.054,10.08,7.96,-5.52,25.68,91.6,91.92,81.52,80.38,10.08,10.91,10.91
s28,vid_s28_T2.avi,bbox_forehead,ZCA_1,83,10.67,12.92,0.082,0.458,9.95,8.29,-6.29,26.2,91.47,92.28,81.52,80.38,9.95,9.36,9.36
s28,vid_s28_T2.avi,bbox_forehead,ZCA_2,83,10.98,13.07,0.004,0.970,9.59,8.94,-7.93,27.11,91.11,90.63,81.52,80.38,9.59,10.49,10.49
s28,vid_s28_T2.avi,bbox_forehead,ZCA_3,83,10.05,12.18,-0.083,0.453,7.8,9.42,-10.67,26.26,89.31,88.82,81.52,80.38,7.8,8.19,8.93
s28,vid_s28_T2.avi,bbox_forehead,ICA_1,83,12.18,14.08,0.172,0.121,11.83,7.67,-3.2,26.87,93.35,93.42,81.52,80.38,11.83,11.04,11.04
s28,vid_s28_T2.avi,bbox_forehead,ICA_2,83,7.96,10.19,0.107,0.336,6.36,8.01,-9.34,22.05,87.88,86.49,81.52,80.38,6.36,5.3,5.54
s28,vid_s28_T2.avi,bbox_forehead,ICA_3,83,11.41,13.59,-0.177,0.110,9.66,9.61,-9.18,28.5,91.18,90.97,81.52,80.38,9.66,10.5,10.64
s28,vid_s28_T2.avi,bbox_forehead,CHROM,83,11.45,13.02,0.224,0.042,10.43,7.84,-4.94,25.8,91.95,92.52,81.52,80.38,10.43,12.17,12.17
s28,vid_s28_T2.avi,bbox_forehead,POS,83,11.75,13.27,0.225,0.040,10.82,7.73,-4.33,25.97,92.34,92.57,81.52,80.38,10.82,11.23,11.23
s28,vid_s28_T2.avi,mesh_forehead,R,83,7.25,8.86,-0.165,0.135,0.62,8.89,-16.8,18.04,82.13,80.77,81.52,80.38,0.62,-0.45,6.83
s28,vid_s28_T2.avi,mesh_forehead,G,83,6.97,8.54,-0.104,0.351,0.96,8.54,-15.76,17.69,82.48,81.28,81.52,80.38,0.96,-0.34,6.4
s28,vid_s28_T2.avi,mesh_forehead,B,83,7.16,8.68,-0.116,0.298,1.02,8.67,-15.97,18.0,82.53,82.72,81.52,80.38,1.02,-0.1,6.93
s28,vid_s28_T2.avi,mesh_forehead,GREY_W,83,7.08,8.64,-0.123,0.269,0.81,8.65,-16.15,17.77,82.33,81.22,81.52,80.38,0.81,-0.53,6.34
s28,vid_s28_T2.avi,mesh_forehead,GREY_A,83,7.13,8.67,-0.126,0.257,0.79,8.69,-16.24,17.82,82.31,81.28,81.52,80.38,0.79,-0.55,6.17
s28,vid_s28_T2.avi,mesh_forehead,PCA_1,83,7.13,8.68,-0.127,0.252,0.78,8.69,-16.26,17.82,82.3,81.29,81.52,80.38,0.78,-0.61,6.22
s28,vid_s28_T2.avi,mesh_forehead,PCA_2,83,9.09,11.75,-0.136,0.219,3.3,11.34,-18.93,25.54,84.82,83.65,81.52,80.38,3.3,3.17,6.64
s28,vid_s28_T2.avi,mesh_forehead,PCA_3,83,15.54,17.02,0.069,0.534,15.52,7.03,1.75,29.3,97.04,97.01,81.52,80.38,15.52,15.52,15.52
s28,vid_s28_T2.avi,mesh_forehead,ZCA_1,83,8.62,10.06,-0.355,<0.001,5.3,8.6,-11.55,22.15,86.82,86.95,81.52,80.38,5.3,7.28,9.05
s28,vid_s28_T2.avi,mesh_forehead,ZCA_2,83,12.87,14.33,0.161,0.146,12.79,6.51,0.03,25.54,94.3,94.15,81.52,80.38,12.79,13.18,13.18
s28,vid_s28_T2.avi,mesh_forehead,ZCA_3,83,8.95,11.01,-0.272,0.013,3.94,10.34,-16.32,24.21,85.46,85.58,81.52,80.38,3.94,3.09,7.5
s28,vid_s28_T2.avi,mesh_forehead,ICA_1,83,13.84,15.6,-0.017,0.878,13.74,7.43,-0.83,28.31,95.25,95.67,81.52,80.38,13.74,13.52,13.52
s28,vid_s28_T2.avi,mesh_forehead,ICA_2,83,8.77,10.52,-0.123,0.268,5.43,9.07,-12.35,23.21,86.94,86.58,81.52,80.38,5.43,5.32,7.78
s28,vid_s28_T2.avi,mesh_forehead,ICA_3,83,7.43,8.91,-0.109,0.326,1.59,8.82,-15.7,18.88,83.1,83.33,81.52,80.38,1.59,1.08,7.47
s28,vid_s28_T2.avi,mesh_forehead,CHROM,83,13.52,15.75,-0.13,0.243,12.39,9.78,-6.77,31.56,93.91,94.22,81.52,80.38,12.39,12.56,12.56
s28,vid_s28_T2.avi,mesh_forehead,POS,83,15.84,17.41,0.047,0.673,15.84,7.26,1.62,30.07,97.36,97.0,81.52,80.38,15.84,15.63,15.63
s28,vid_s28_T3.avi,manual,R,83,12.27,14.89,-0.046,0.682,-9.83,11.25,-31.88,12.22,78.71,76.9,88.53,87.29,-9.83,-9.03,10.49
s28,vid_s28_T3.avi,manual,G,83,9.27,11.72,0.084,0.449,-6.86,9.56,-25.6,11.87,81.67,81.33,88.53,87.29,-6.86,-5.99,7.49
s28,vid_s28_T3.avi,manual,B,83,12.33,15.12,-0.071,0.526,-11.35,10.04,-31.03,8.32,77.18,76.19,88.53,87.29,-11.35,-11.42,11.42
s28,vid_s28_T3.avi,manual,GREY_W,83,10.92,13.41,0.023,0.838,-8.54,10.4,-28.93,11.85,79.99,78.25,88.53,87.29,-8.54,-7.26,9.21
s28,vid_s28_T3.avi,manual,GREY_A,83,11.57,14.2,-0.008,0.943,-9.51,10.62,-30.31,11.3,79.03,77.2,88.53,87.29,-9.51,-8.54,10.3
s28,vid_s28_T3.avi,manual,PCA_1,83,11.65,14.27,-0.009,0.936,-9.53,10.69,-30.48,11.41,79.0,77.25,88.53,87.29,-9.53,-8.65,10.44
s28,vid_s28_T3.avi,manual,PCA_2,83,7.95,10.18,0.369,<0.001,-3.74,9.53,-22.41,14.94,84.8,86.31,88.53,87.29,-3.74,-3.62,6.39
s28,vid_s28_T3.avi,manual,PCA_3,83,17.85,19.78,0.062,0.576,17.6,9.08,-0.2,35.4,106.13,106.53,88.53,87.29,17.6,18.23,18.23
s28,vid_s28_T3.avi,manual,ZCA_1,83,8.04,10.41,0.332,0.002,-1.31,10.39,-21.68,19.05,87.22,86.69,88.53,87.29,-1.31,-1.33,5.84
s28,vid_s28_T3.avi,manual,ZCA_2,83,13.65,15.76,0.224,0.041,13.29,8.53,-3.44,30.01,101.82,102.46,88.53,87.29,13.29,14.22,14.22
s28,vid_s28_T3.avi,manual,ZCA_3,83,13.0,15.07,0.014,0.902,10.54,10.84,-10.71,31.78,99.07,100.68,88.53,87.29,10.54,10.72,13.19
s28,vid_s28_T3.avi,manual,ICA_1,83,16.49,18.15,0.308,0.005,15.72,9.13,-2.18,33.61,104.25,106.08,88.53,87.29,15.72,16.03,16.03
s28,vid_s28_T3.avi,manual,ICA_2,83,13.21,15.6,-0.03,0.787,10.76,11.37,-11.52,33.04,99.29,101.73,88.53,87.29,10.76,11.8,13.37
s28,vid_s28_T3.avi,manual,ICA_3,83,7.02,8.28,0.275,0.012,1.47,8.2,-14.6,17.55,90.0,91.68,88.53,87.29,1.47,2.71,6.64
s28,vid_s28_T3.avi,manual,CHROM,83,15.97,17.71,0.297,0.006,15.86,7.92,0.35,31.38,104.4,105.07,88.53,87.29,15.86,16.72,16.72
s28,vid_s28_T3.avi,manual,POS,83,15.55,17.12,0.361,<0.001,15.47,7.38,1.01,29.93,104.01,104.37,88.53,87.29,15.47,16.48,16.48
s28,vid_s28_T3.avi,none,R,83,12.18,15.4,-0.132,0.233,-11.87,9.88,-31.22,7.49,76.67,75.71,88.53,87.29,-11.87,-9.7,9.7
s28,vid_s28_T3.avi,none,G,83,12.17,15.08,-0.165,0.136,-11.9,9.31,-30.15,6.35,76.63,76.02,88.53,87.29,-11.9,-10.68,10.68
s28,vid_s28_T3.avi,none,B,83,14.28,17.37,-0.279,0.011,-14.16,10.11,-33.98,5.66,74.37,73.64,88.53,87.29,-14.16,-12.68,12.68
s28,vid_s28_T3.avi,none,GREY_W,83,12.56,15.61,-0.19,0.085,-12.35,9.61,-31.18,6.48,76.18,75.34,88.53,87.29,-12.35,-11.34,11.34
s28,vid_s28_T3.avi,none,GREY_A,83,13.1,16.18,-0.219,0.047,-12.9,9.82,-32.14,6.34,75.63,74.8,88.53,87.29,-12.9,-11.68,11.68
s28,vid_s28_T3.avi,none,PCA_1,83,13.12,16.2,-0.221,0.045,-12.93,9.82,-32.17,6.31,75.6,74.83,88.53,87.29,-12.93,-11.67,11.67
s28,vid_s28_T3.avi,none,PCA_2,83,9.55,12.33,0.149,0.179,-4.84,11.41,-27.2,17.51,83.69,84.24,88.53,87.29,-4.84,-4.49,8.41
s28,vid_s28_T3.avi,none,PCA_3,83,11.14,13.17,0.109,0.326,6.74,11.38,-15.57,29.05,95.27,98.4,88.53,87.29,6.74,7.79,9.66
s28,vid_s28_T3.avi,none,ZCA_1,83,8.16,10.29,0.306,0.005,-4.98,9.05,-22.73,12.77,83.55,83.88,88.53,87.29,-4.98,-4.36,7.64
s28,vid_s28_T3.avi,none,ZCA_2,83,13.76,15.87,0.147,0.185,11.85,10.61,-8.94,32.65,100.39,102.92,88.53,87.29,11.85,13.49,13.96
s28,vid_s28_T3.avi,none,ZCA_3,83,9.91,11.75,0.064,0.565,-1.94,11.66,-24.79,20.91,86.59,88.07,88.53,87.29,-1.94,-2.45,9.57
s28,vid_s28_T3.avi,none,ICA_1,83,11.5,13.63,0.115,0.300,6.95,11.8,-16.19,30.08,95.48,98.49,88.53,87.29,6.95,8.36,10.66
s28,vid_s28_T3.avi,none,ICA_2,83,9.68,12.55,0.123,0.268,-8.87,8.93,-26.37,8.62,79.66,80.18,88.53,87.29,-8.87,-7.63,7.63
s28,vid_s28_T3.avi,none,ICA_3,83,8.25,10.25,0.302,0.005,-1.61,10.19,-21.58,18.35,86.92,87.13,88.53,87.29,-1.61,-0.06,7.14
s28,vid_s28_T3.avi,none,CHROM,83,16.27,18.36,0.195,0.077,15.95,9.15,-1.99,33.88,104.48,105.73,88.53,87.29,15.95,16.22,16.22
s28,vid_s28_T3.avi,none,POS,83,13.53,15.67,0.274,0.012,13.13,8.61,-3.74,30.01,101.67,103.65,88.53,87.29,13.13,13.44,13.44
s28,vid_s28_T3.avi,face_track,R,83,9.94,12.41,-0.16,0.149,-6.3,10.75,-27.38,14.78,82.23,81.6,88.53,87.29,-6.3,-4.13,8.33
s28,vid_s28_T3.avi,face_track,G,83,10.09,12.66,-0.079,0.478,-7.5,10.26,-27.6,12.6,81.03,81.33,88.53,87.29,-7.5,-4.99,7.86
s28,vid_s28_T3.avi,face_track,B,83,10.17,12.81,0.037,0.742,-8.53,9.62,-27.39,10.34,80.01,79.96,88.53,87.29,-8.53,-6.45,7.05
s28,vid_s28_T3.avi,face_track,GREY_W,83,10.2,12.75,-0.107,0.336,-7.41,10.43,-27.86,13.04,81.12,81.17,88.53,87.29,-7.41,-5.06,8.27
s28,vid_s28_T3.avi,face_track,GREY_A,83,10.18,12.77,-0.09,0.417,-7.59,10.34,-27.85,12.68,80.95,80.96,88.53,87.29,-7.59,-5.52,7.42
s28,vid_s28_T3.avi,face_track,PCA_1,83,10.18,12.74,-0.104,0.351,-7.42,10.42,-27.84,13.01,81.11,81.18,88.53,87.29,-7.42,-5.37,7.74
s28,vid_s28_T3.avi,face_track,PCA_2,83,8.48,10.96,0.106,0.339,4.03,10.25,-16.06,24.13,92.57,92.82,88.53,87.29,4.03,3.15,6.05
s28,vid_s28_T3.avi,face_track,PCA_3,83,15.95,18.36,0.082,0.464,15.73,9.52,-2.93,34.38,104.26,104.79,88.53,87.29,15.73,15.7,15.7
s28,vid_s28_T3.avi,face_track,ZCA_1,83,9.94,12.16,-0.184,0.096,4.7,11.28,-17.41,26.81,93.23,92.79,88.53,87.29,4.7,4.8,10.2
s28,vid_s28_T3.avi,face_track,ZCA_2,83,12.45,14.63,0.229,0.037,11.23,9.44,-7.27,29.72,99.76,101.14,88.53,87.29,11.23,13.31,13.31
s28,vid_s28_T3.avi,face_track,ZCA_3,83,9.28,11.02,0.143,0.198,2.46,10.8,-18.71,23.64,91.0,90.46,88.53,87.29,2.46,3.5,8.35
s28,vid_s28_T3.avi,face_track,ICA_1,83,15.22,17.75,-0.001,0.991,14.84,9.79,-4.35,34.03,103.37,104.81,88.53,87.29,14.84,14.2,14.2
s28,vid_s28_T3.avi,face_track,ICA_2,83,8.92,11.39,0.023,0.834,4.06,10.7,-16.92,25.04,92.59,92.76,88.53,87.29,4.06,3.45,7.83
s28,vid_s28_T3.avi,face_track,ICA_3,83,7.7,9.52,0.154,0.166,-1.0,9.52,-19.67,17.66,87.53,87.53,88.53,87.29,-1.0,-0.21,6.2
s28,vid_s28_T3.avi,face_track,CHROM,83,16.29,18.84,0.053,0.637,15.92,10.13,-3.94,35.78,104.46,105.85,88.53,87.29,15.92,16.8,16.8
s28,vid_s28_T3.avi,face_track,POS,83,15.74,18.23,0.051,0.650,15.25,10.06,-4.47,34.96,103.78,104.9,88.53,87.29,15.25,16.2,16.2
s28,vid_s28_T3.avi,bbox_forehead,R,83,6.7,7.92,0.404,<0.001,0.26,7.96,-15.34,15.86,88.8,88.11,88.53,87.29,0.26,0.79,5.81
s28,vid_s28_T3.avi,bbox_forehead,G,83,6.84,8.21,0.384,<0.001,0.18,8.25,-15.99,16.36,88.72,87.59,88.53,87.29,0.18,0.25,5.47
s28,vid_s28_T3.avi,bbox_forehead,B,83,6.89,8.29,0.382,<0.001,0.65,8.32,-15.65,16.94,89.18,89.06,88.53,87.29,0.65,0.6,5.78
s28,vid_s28_T3.avi,bbox_forehead,GREY_W,83,6.77,8.07,0.395,<0.001,0.19,8.11,-15.71,16.09,88.72,87.72,88.53,87.29,0.19,0.49,5.69
s28,vid_s28_T3.avi,bbox_forehead,GREY_A,83,6.77,8.04,0.4,<0.001,0.31,8.08,-15.53,16.15,88.84,88.32,88.53,87.29,0.31,0.84,5.48
s28,vid_s28_T3.avi,bbox_forehead,PCA_1,83,6.76,8.02,0.401,<0.001,0.28,8.06,-15.51,16.08,88.82,88.13,88.53,87.29,0.28,0.9,5.41
s28,vid_s28_T3.avi,bbox_forehead,PCA_2,83,7.09,8.83,0.156,0.160,1.37,8.78,-15.84,18.58,89.9,89.62,88.53,87.29,1.37,0.78,5.78
s28,vid_s28_T3.avi,bbox_forehead,PCA_3,83,11.51,13.91,0.004,0.969,8.39,11.16,-13.48,30.26,96.92,97.27,88.53,87.29,8.39,10.12,10.42
s28,vid_s28_T3.avi,bbox_forehead,ZCA_1,83,7.59,9.31,0.342,0.002,3.48,8.68,-13.54,20.5,92.01,92.42,88.53,87.29,3.48,3.15,7.19
s28,vid_s28_T3.avi,bbox_forehead,ZCA_2,83,9.09,11.12,0.121,0.277,5.47,9.75,-13.63,24.57,94.0,95.8,88.53,87.29,5.47,4.72,8.03
s28,vid_s28_T3.avi,bbox_forehead,ZCA_3,83,7.62,9.6,0.153,0.167,1.36,9.56,-17.38,20.1,89.89,89.52,88.53,87.29,1.36,1.48,6.62
s28,vid_s28_T3.avi,bbox_forehead,ICA_1,83,12.41,14.38,0.237,0.031,10.58,9.8,-8.62,29.79,99.12,101.33,88.53,87.29,10.58,11.66,11.99
s28,vid_s28_T3.avi,bbox_forehead,ICA_2,83,9.62,11.02,-0.058,0.601,1.59,10.97,-19.92,23.09,90.12,89.1,88.53,87.29,1.59,2.18,9.34
s28,vid_s28_T3.avi,bbox_forehead,ICA_3,83,6.81,8.16,0.39,<0.001,0.23,8.2,-15.84,16.31,88.77,87.93,88.53,87.29,0.23,0.3,5.32
s28,vid_s28_T3.avi,bbox_forehead,CHROM,83,11.78,13.98,0.056,0.615,9.37,10.44,-11.09,29.84,97.9,98.37,88.53,87.29,9.37,10.68,10.68
s28,vid_s28_T3.avi,bbox_forehead,POS,83,12.42,14.53,0.2,0.069,11.01,9.54,-7.68,29.7,99.54,101.14,88.53,87.29,11.01,11.76,11.76
s28,vid_s28_T3.avi,mesh_forehead,R,83,13.29,15.58,0.017,0.878,-12.12,9.85,-31.42,7.18,76.41,76.19,88.53,87.29,-12.12,-12.28,12.28
s28,vid_s28_T3.avi,mesh_forehead,G,83,10.52,12.49,0.147,0.184,-7.97,9.67,-26.92,10.98,80.56,79.43,88.53,87.29,-7.97,-8.81,9.12
s28,vid_s28_T3.avi,mesh_forehead,B,83,13.21,15.42,0.088,0.427,-12.16,9.55,-30.86,6.55,76.38,75.43,88.53,87.29,-12.16,-13.32,13.32
s28,vid_s28_T3.avi,mesh_forehead,GREY_W,83,11.96,14.06,0.082,0.459,-10.15,9.79,-29.34,9.04,78.38,77.69,88.53,87.29,-10.15,-10.59,11.06
s28,vid_s28_T3.avi,mesh_forehead,GREY_A,83,12.65,14.88,0.054,0.630,-11.21,9.85,-30.52,8.1,77.32,77.08,88.53,87.29,-11.21,-12.3,12.3
s28,vid_s28_T3.avi,mesh_forehead,PCA_1,83,12.66,14.89,0.052,0.638,-11.22,9.85,-30.53,8.09,77.31,77.02,88.53,87.29,-11.22,-12.27,12.27
s28,vid_s28_T3.avi,mesh_forehead,PCA_2,83,10.18,12.46,0.275,0.012,-6.81,10.5,-27.39,13.76,81.72,82.5,88.53,87.29,-6.81,-5.5,8.87
s28,vid_s28_T3.avi,mesh_forehead,PCA_3,83,13.9,16.15,0.166,0.134,12.74,9.99,-6.84,32.31,101.27,102.14,88.53,87.29,12.74,13.15,13.15
s28,vid_s28_T3.avi,mesh_forehead,ZCA_1,83,8.02,9.79,0.272,0.013,-3.73,9.11,-21.58,14.13,84.8,83.63,88.53,87.29,-3.73,-4.01,6.14
s28,vid_s28_T3.avi,mesh_forehead,ZCA_2,83,14.07,16.04,0.22,0.046,12.43,10.2,-7.55,32.42,100.97,103.4,88.53,87.29,12.43,14.22,14.22
s28,vid_s28_T3.avi,mesh_forehead,ZCA_3,83,8.08,10.18,0.487,<0.001,-4.22,9.32,-22.49,14.05,84.31,84.3,88.53,87.29,-4.22,-4.44,7.14
s28,vid_s28_T3.avi,mesh_forehead,ICA_1,83,13.38,16.03,0.14,0.206,12.2,10.46,-8.31,32.71,100.73,100.97,88.53,87.29,12.2,12.18,12.18
s28,vid_s28_T3.avi,mesh_forehead,ICA_2,83,7.68,9.29,0.297,0.006,-3.55,8.64,-20.47,13.38,84.99,85.85,88.53,87.29,-3.55,-3.81,7.05
s28,vid_s28_T3.avi,mesh_forehead,ICA_3,83,7.66,10.07,0.424,<0.001,-1.25,10.05,-20.95,18.45,87.28,86.84,88.53,87.29,-1.25,-1.31,5.42
s28,vid_s28_T3.avi,mesh_forehead,CHROM,83,13.79,16.01,0.226,0.040,12.6,9.94,-6.89,32.09,101.13,102.7,88.53,87.29,12.6,13.33,13.33
s28,vid_s28_T3.avi,mesh_forehead,POS,83,15.12,17.63,0.098,0.378,14.07,10.69,-6.88,35.02,102.6,102.75,88.53,87.29,14.07,15.94,15.94
s34,vid_s34_T1.avi,manual,R,83,6.41,8.24,-0.138,0.214,2.87,7.77,-12.36,18.11,78.61,78.66,75.74,75.6,2.87,2.8,4.9
s34,vid_s34_T1.avi,manual,G,83,4.21,4.97,0.113,0.308,0.52,4.97,-9.23,10.27,76.26,75.44,75.74,75.6,0.52,0.39,4.16
s34,vid_s34_T1.avi,manual,B,83,4.7,5.91,0.034,0.758,1.62,5.72,-9.59,12.84,77.36,77.36,75.74,75.6,1.62,1.44,4.2
s34,vid_s34_T1.avi,manual,GREY_W,83,4.79,5.62,0.023,0.836,1.07,5.55,-9.8,11.95,76.81,76.28,75.74,75.6,1.07,1.76,4.65
s34,vid_s34_T1.avi,manual,GREY_A,83,4.85,5.63,-0.018,0.872,1.33,5.5,-9.46,12.12,77.07,77.25,75.74,75.6,1.33,1.97,4.88
s34,vid_s34_T1.avi,manual,PCA_1,83,4.94,5.75,-0.026,0.818,1.38,5.62,-9.63,12.39,77.12,77.18,75.74,75.6,1.38,1.99,4.93
s34,vid_s34_T1.avi,manual,PCA_2,83,6.62,8.75,0.117,0.290,2.08,8.55,-14.68,18.84,77.82,76.39,75.74,75.6,2.08,0.66,5.05
s34,vid_s34_T1.avi,manual,PCA_3,83,2.5,3.19,0.274,0.012,-1.08,3.02,-7.0,4.83,74.66,73.93,75.74,75.6,-1.08,-1.61,2.04
s34,vid_s34_T1.avi,manual,ZCA_1,83,4.45,6.0,0.06,0.590,-1.63,5.81,-13.01,9.76,74.11,74.49,75.74,75.6,-1.63,-1.71,3.09
s34,vid_s34_T1.avi,manual,ZCA_2,83,3.57,4.37,0.032,0.775,-0.58,4.36,-9.12,7.97,75.16,73.79,75.74,75.6,-0.58,-1.84,3.18
s34,vid_s34_T1.avi,manual,ZCA_3,83,3.33,4.49,0.31,0.004,-0.19,4.51,-9.03,8.65,75.55,75.14,75.74,75.6,-0.19,-0.8,2.26
s34,vid_s34_T1.avi,manual,ICA_1,83,4.03,5.08,0.246,0.025,-2.25,4.59,-11.24,6.74,73.49,72.88,75.74,75.6,-2.25,-2.43,3.1
s34,vid_s34_T1.avi,manual,ICA_2,83,3.7,4.7,0.344,0.001,-0.15,4.73,-9.42,9.12,75.59,75.57,75.74,75.6,-0.15,-0.57,3.1
s34,vid_s34_T1.avi,manual,ICA_3,83,3.76,4.62,0.03,0.786,-0.67,4.6,-9.69,8.35,75.07,73.53,75.74,75.6,-0.67,-2.04,3.38
s34,vid_s34_T1.avi,manual,CHROM,83,2.79,3.47,0.129,0.244,-1.05,3.33,-7.58,5.48,74.69,73.85,75.74,75.6,-1.05,-1.74,2.6
s34,vid_s34_T1.avi,manual,POS,83,2.72,3.41,0.031,0.778,-1.32,3.16,-7.52,4.87,74.42,74.1,75.74,75.6,-1.32,-2.07,2.6
s34,vid_s34_T1.avi,none,R,83,6.86,8.36,0.032,0.771,0.88,8.37,-15.52,17.28,76.62,77.32,75.74,75.6,0.88,1.53,5.98
s34,vid_s34_T1.avi,none,G,83,4.25,5.67,0.159,0.151,-0.83,5.64,-11.89,10.22,74.91,75.29,75.74,75.6,-0.83,-0.23,3.21
s34,vid_s34_T1.avi,none,B,83,6.69,8.07,0.075,0.499,2.15,7.83,-13.19,17.5,77.89,77.94,75.74,75.6,2.15,3.67,5.25
s34,vid_s34_T1.avi,none,GREY_W,83,4.84,6.23,0.119,0.284,-0.31,6.26,-12.58,11.95,75.43,76.07,75.74,75.6,-0.31,0.54,3.59
s34,vid_s34_T1.avi,none,GREY_A,83,5.24,6.54,0.093,0.405,0.28,6.57,-12.6,13.16,76.02,76.78,75.74,75.6,0.28,1.67,4.75
s34,vid_s34_T1.avi,none,PCA_1,83,5.24,6.56,0.092,0.409,0.24,6.59,-12.68,13.16,75.98,76.83,75.74,75.6,0.24,1.18,4.57
s34,vid_s34_T1.avi,none,PCA_2,83,7.42,9.99,0.288,0.008,5.1,8.64,-11.82,22.03,80.84,79.21,75.74,75.6,5.1,3.97,5.43
s34,vid_s34_T1.avi,none,PCA_3,83,2.74,3.2,0.46,<0.001,-1.61,2.78,-7.06,3.84,74.13,73.44,75.74,75.6,-1.61,-2.31,2.77
s34,vid_s34_T1.avi,none,ZCA_1,83,7.27,10.9,0.247,0.025,1.83,10.81,-19.36,23.02,77.57,74.26,75.74,75.6,1.83,-1.43,4.15
s34,vid_s34_T1.avi,none,ZCA_2,83,2.6,3.09,0.402,<0.001,-1.81,2.53,-6.76,3.14,73.93,73.08,75.74,75.6,-1.81,-2.53,2.55
s34,vid_s34_T1.avi,none,ZCA_3,83,3.66,4.52,0.216,0.050,1.42,4.32,-7.04,9.89,77.16,76.48,75.74,75.6,1.42,1.67,3.1
s34,vid_s34_T1.avi,none,ICA_1,83,3.04,3.82,0.434,<0.001,-1.52,3.53,-8.44,5.41,74.22,73.38,75.74,75.6,-1.52,-2.34,2.91
s34,vid_s34_T1.avi,none,ICA_2,83,9.99,12.58,0.171,0.121,5.56,11.35,-16.68,27.8,81.3,81.49,75.74,75.6,5.56,5.75,8.75
s34,vid_s34_T1.avi,none,ICA_3,83,4.18,5.66,0.174,0.116,1.09,5.59,-9.87,12.05,76.83,76.12,75.74,75.6,1.09,0.86,3.24
s34,vid_s34_T1.avi,none,CHROM,83,2.41,2.71,0.418,<0.001,-1.63,2.18,-5.9,2.64,74.11,73.43,75.74,75.6,-1.63,-2.15,2.37
s34,vid_s34_T1.avi,none,POS,83,2.43,2.81,0.343,0.001,-1.58,2.33,-6.15,2.99,74.16,73.76,75.74,75.6,-1.58,-2.19,2.28
s34,vid_s34_T1.avi,face_track,R,83,12.78,15.64,-0.218,0.048,12.5,9.45,-6.02,31.02,88.24,88.94,75.74,75.6,12.5,11.69,11.69
s34,vid_s34_T1.avi,face_track,G,83,11.71,15.13,-0.138,0.215,11.05,10.4,-9.33,31.43,86.79,86.62,75.74,75.6,11.05,10.75,10.75
s34,vid_s34_T1.avi,face_track,B,83,11.71,15.4,-0.15,0.176,10.77,11.08,-10.94,32.48,86.51,84.9,75.74,75.6,10.77,9.07,9.07
s34,vid_s34_T1.avi,face_track,GREY_W,83,12.37,15.77,-0.16,0.148,11.91,10.39,-8.44,32.27,87.65,87.4,75.74,75.6,11.91,11.41,11.41
s34,vid_s34_T1.avi,face_track,GREY_A,83,12.38,15.78,-0.154,0.164,11.89,10.44,-8.58,32.35,87.63,87.14,75.74,75.6,11.89,11.74,11.74
s34,vid_s34_T1.avi,face_track,PCA_1,83,12.45,15.8,-0.16,0.149,12.0,10.34,-8.25,32.26,87.74,87.51,75.74,75.6,12.0,11.86,11.86
s34,vid_s34_T1.avi,face_track,PCA_2,83,8.7,10.79,-0.073,0.510,7.43,7.87,-8.0,22.85,83.17,82.45,75.74,75.6,7.43,6.98,7.17
s34,vid_s34_T1.avi,face_track,PCA_3,83,3.43,4.49,0.091,0.413,0.43,4.5,-8.39,9.25,76.17,75.29,75.74,75.6,0.43,-0.57,2.59
s34,vid_s34_T1.avi,face_track,ZCA_1,83,8.89,10.84,-0.174,0.115,7.96,7.4,-6.55,22.47,83.7,83.88,75.74,75.6,7.96,7.91,7.91
s34,vid_s34_T1.avi,face_track,ZCA_2,83,4.06,5.28,0.078,0.481,-0.12,5.31,-10.52,10.28,75.62,73.84,75.74,75.6,-0.12,-1.51,2.95
s34,vid_s34_T1.avi,face_track,ZCA_3,83,4.37,5.36,0.099,0.371,3.0,4.47,-5.75,11.75,78.74,78.58,75.74,75.6,3.0,2.97,3.75
s34,vid_s34_T1.avi,face_track,ICA_1,83,5.27,6.55,0.09,0.420,3.54,5.54,-7.33,14.41,79.28,79.68,75.74,75.6,3.54,3.66,4.66
s34,vid_s34_T1.avi,face_track,ICA_2,83,7.62,9.41,-0.097,0.383,6.75,6.6,-6.2,19.69,82.49,82.89,75.74,75.6,6.75,7.02,7.02
s34,vid_s34_T1.avi,face_track,ICA_3,83,5.28,7.12,0.088,0.430,2.18,6.82,-11.18,15.54,77.92,76.37,75.74,75.6,2.18,0.43,3.82
s34,vid_s34_T1.avi,face_track,CHROM,83,3.57,4.54,0.123,0.266,0.28,4.56,-8.65,9.21,76.02,74.29,75.74,75.6,0.28,-1.31,2.65
s34,vid_s34_T1.avi,face_track,POS,83,3.1,4.31,0.102,0.358,0.03,4.33,-8.46,8.52,75.77,74.87,75.74,75.6,0.03,-0.42,2.23
s34,vid_s34_T1.avi,bbox_forehead,R,83,17.37,18.89,0.151,0.172,17.28,7.68,2.23,32.33,93.02,94.53,75.74,75.6,17.28,18.86,18.86
s34,vid_s34_T1.avi,bbox_forehead,G,83,14.79,15.97,0.211,0.055,14.72,6.23,2.5,26.93,90.46,91.18,75.74,75.6,14.72,15.52,15.52
s34,vid_s34_T1.avi,bbox_forehead,B,83,12.42,14.78,-0.022,0.844,11.93,8.77,-5.27,29.12,87.67,88.64,75.74,75.6,11.93,12.22,12.22
s34,vid_s34_T1.avi,bbox_forehead,GREY_W,83,15.6,16.83,0.141,0.204,15.47,6.66,2.41,28.53,91.21,92.16,75.74,75.6,15.47,15.75,15.75
s34,vid_s34_T1.avi,bbox_forehead,GREY_A,83,14.7,16.05,0.078,0.485,14.52,6.88,1.03,28.0,90.26,89.58,75.74,75.6,14.52,14.15,14.15
s34,vid_s34_T1.avi,bbox_forehead,PCA_1,83,15.35,16.63,0.092,0.407,15.18,6.84,1.76,28.59,90.92,90.97,75.74,75.6,15.18,14.68,14.68
s34,vid_s34_T1.avi,bbox_forehead,PCA_2,83,11.96,13.87,0.123,0.267,11.74,7.42,-2.8,26.29,87.48,87.28,75.74,75.6,11.74,10.78,10.78
s34,vid_s34_T1.avi,bbox_forehead,PCA_3,83,6.37,7.87,0.444,<0.001,4.79,6.28,-7.52,17.1,80.53,81.34,75.74,75.6,4.79,4.64,5.95
s34,vid_s34_T1.avi,bbox_forehead,ZCA_1,83,13.46,15.02,-0.003,0.979,13.44,6.76,0.2,26.68,89.18,90.16,75.74,75.6,13.44,13.79,13.79
s34,vid_s34_T1.avi,bbox_forehead,ZCA_2,83,7.42,9.25,0.409,<0.001,5.7,7.33,-8.68,20.07,81.44,82.02,75.74,75.6,5.7,5.98,6.95
s34,vid_s34_T1.avi,bbox_forehead,ZCA_3,83,10.86,13.08,-0.023,0.836,10.01,8.47,-6.59,26.61,85.75,86.56,75.74,75.6,10.01,10.82,10.82
s34,vid_s34_T1.avi,bbox_forehead,ICA_1,83,6.44,7.89,0.466,<0.001,4.43,6.57,-8.45,17.31,80.17,81.2,75.74,75.6,4.43,4.45,5.73
s34,vid_s34_T1.avi,bbox_forehead,ICA_2,83,16.72,17.98,0.126,0.255,16.71,6.69,3.59,29.82,92.45,93.32,75.74,75.6,16.71,17.14,17.14
s34,vid_s34_T1.avi,bbox_forehead,ICA_3,83,10.87,13.38,-0.053,0.632,10.09,8.85,-7.26,27.43,85.83,86.12,75.74,75.6,10.09,9.66,9.66
s34,vid_s34_T1.avi,bbox_forehead,CHROM,83,8.65,10.57,0.502,<0.001,8.13,6.8,-5.19,21.45,83.87,83.17,75.74,75.6,8.13,7.9,7.9
s34,vid_s34_T1.avi,bbox_forehead,POS,83,7.04,8.68,0.44,<0.001,4.78,7.29,-9.5,19.06,80.52,81.0,75.74,75.6,4.78,4.99,5.34
s34,vid_s34_T1.avi,mesh_forehead,R,83,8.66,11.32,0.139,0.211,5.65,9.87,-13.69,24.98,81.39,80.18,75.74,75.6,5.65,4.01,6.46
s34,vid_s34_T1.avi,mesh_forehead,G,83,5.15,6.69,0.14,0.207,1.83,6.47,-10.86,14.51,77.57,77.36,75.74,75.6,1.83,1.7,4.1
s34,vid_s34_T1.avi,mesh_forehead,B,83,6.98,8.62,0.049,0.662,3.95,7.71,-11.16,19.06,79.69,80.36,75.74,75.6,3.95,4.21,5.81
s34,vid_s34_T1.avi,mesh_forehead,GREY_W,83,6.52,8.37,0.139,0.210,3.36,7.71,-11.75,18.47,79.1,78.76,75.74,75.6,3.36,1.98,5.46
s34,vid_s34_T1.avi,mesh_forehead,GREY_A,83,7.07,8.99,0.124,0.264,3.96,8.12,-11.95,19.87,79.7,80.06,75.74,75.6,3.96,3.45,5.83
s34,vid_s34_T1.avi,mesh_forehead,PCA_1,83,7.16,9.11,0.126,0.258,4.04,8.21,-12.06,20.14,79.78,80.09,75.74,75.6,4.04,3.63,5.93
s34,vid_s34_T1.avi,mesh_forehead,PCA_2,83,5.25,6.73,0.398,<0.001,3.4,5.84,-8.06,14.85,79.14,78.51,75.74,75.6,3.4,2.98,3.94
s34,vid_s34_T1.avi,mesh_forehead,PCA_3,83,3.12,4.37,0.155,0.161,-1.37,4.17,-9.55,6.8,74.37,73.16,75.74,75.6,-1.37,-2.24,2.75
s34,vid_s34_T1.avi,mesh_forehead,ZCA_1,83,3.89,5.74,0.522,<0.001,1.43,5.59,-9.53,12.38,77.17,75.27,75.74,75.6,1.43,-0.07,2.85
s34,vid_s34_T1.avi,mesh_forehead,ZCA_2,83,3.0,3.65,-0.019,0.861,-2.19,2.94,-7.95,3.58,73.55,73.09,75.74,75.6,-2.19,-2.26,2.39
s34,vid_s34_T1.avi,mesh_forehead,ZCA_3,83,7.21,9.46,0.135,0.223,5.17,7.97,-10.45,20.8,80.91,79.71,75.74,75.6,5.17,4.6,6.11
s34,vid_s34_T1.avi,mesh_forehead,ICA_1,83,9.24,12.25,0.347,0.001,7.46,9.78,-11.71,26.63,83.2,81.91,75.74,75.6,7.46,6.48,6.71
s34,vid_s34_T1.avi,mesh_forehead,ICA_2,83,3.47,4.32,-0.008,0.942,-1.8,3.95,-9.54,5.94,73.94,73.0,75.74,75.6,-1.8,-2.61,2.84
s34,vid_s34_T1.avi,mesh_forehead,ICA_3,83,8.36,13.09,-0.177,0.109,5.71,11.84,-17.5,28.93,81.45,77.62,75.74,75.6,5.71,2.19,4.35
s34,vid_s34_T1.avi,mesh_forehead,CHROM,83,2.67,3.08,0.193,0.081,-2.21,2.16,-6.45,2.03,73.53,73.14,75.74,75.6,-2.21,-2.29,2.39
s34,vid_s34_T1.avi,mesh_forehead,POS,83,3.5,4.4,-0.022,0.844,-1.84,4.01,-9.71,6.03,73.9,72.91,75.74,75.6,-1.84,-2.7,3.09
