subject,recording,video,roi,mae,rmse,r,bias,sd,mean_gt,mean_rppg,mean_pair,diff,failure
2ea4,2ea4_Baseline,2ea4|2ea4_Baseline,poly,11.05,11.76,-0.545,11.05,4.16,62.84,73.89,68.36500000000001,-11.049999999999997,1
2ea4,2ea4_Breathing,2ea4|2ea4_Breathing,poly,18.36,19.83,0.198,18.36,7.56,59.99,78.34,69.165,-18.35,1
2ea4,2ea4_Counting1,2ea4|2ea4_Counting1,poly,2.86,3.76,0.131,2.78,2.63,71.7,74.48,73.09,-2.780000000000001,0
2ea4,2ea4_Counting2,2ea4|2ea4_Counting2,poly,1.74,2.19,-0.138,1.74,1.39,64.3,66.03,65.16499999999999,-1.730000000000004,0
2ea4,2ea4_Counting3,2ea4|2ea4_Counting3,poly,3.73,4.05,0.852,3.69,1.74,64.53,68.22,66.375,-3.6899999999999977,0
2ea4,2ea4_Math,2ea4|2ea4_Math,poly,9.92,10.54,-0.922,9.92,3.7,61.99,71.9,66.94500000000001,-9.910000000000004,0
2ea4,2ea4_Reading,2ea4|2ea4_Reading,poly,3.55,5.07,0.37,3.27,4.02,75.43,78.7,77.065,-3.269999999999996,0
2ea4,2ea4_Relax,2ea4|2ea4_Relax,poly,16.49,17.34,-0.33,16.49,5.44,58.62,75.11,66.865,-16.490000000000002,1
2ea4,2ea4_Speaking,2ea4|2ea4_Speaking,poly,5.85,6.39,-0.04,5.75,2.9,65.42,71.16,68.28999999999999,-5.739999999999995,0
2ea4,2ea4_Stroop,2ea4|2ea4_Stroop,poly,7.24,7.44,-0.546,7.24,1.79,60.23,67.47,63.849999999999994,-7.240000000000002,0
2ea4,2ea4_Video1,2ea4|2ea4_Video1,poly,20.46,21.17,0.109,20.46,5.48,56.7,77.17,66.935,-20.47,1
2ea4,2ea4_Video2,2ea4|2ea4_Video2,poly,16.15,16.52,-0.511,16.15,3.51,55.08,71.23,63.155,-16.150000000000006,1
2hpu,2hpu_Baseline,2hpu|2hpu_Baseline,poly,6.23,8.3,0.342,4.75,7.06,86.5,91.26,88.88,-4.760000000000005,0
2hpu,2hpu_Breathing,2hpu|2hpu_Breathing,poly,7.11,9.62,0.012,7.09,6.56,75.69,82.78,79.235,-7.090000000000003,0
2hpu,2hpu_Counting1,2hpu|2hpu_Counting1,poly,36.94,37.92,-0.941,-36.94,8.88,115.76,78.83,97.295,36.93000000000001,1
2hpu,2hpu_Counting2,2hpu|2hpu_Counting2,poly,4.3,4.97,0.451,2.54,4.44,95.63,98.17,96.9,-2.5400000000000063,0
2hpu,2hpu_Counting3,2hpu|2hpu_Counting3,poly,8.11,9.03,0.689,-8.11,4.11,102.31,94.2,98.255,8.11,0
2hpu,2hpu_Math,2hpu|2hpu_Math,poly,10.87,12.7,-0.579,-10.49,7.42,105.22,94.73,99.975,10.489999999999995,1
2hpu,2hpu_Reading,2hpu|2hpu_Reading,poly,4.23,5.35,-0.545,0.63,5.51,93.99,94.62,94.305,-0.6300000000000097,0
2hpu,2hpu_Relax,2hpu|2hpu_Relax,poly,7.95,8.37,0.74,7.95,2.64,69.17,77.11,73.14,-7.939999999999998,0
2hpu,2hpu_Speaking,2hpu|2hpu_Speaking,poly,13.83,14.94,-0.926,-11.75,9.58,96.23,84.48,90.355,11.75,1
2hpu,2hpu_Stroop,2hpu|2hpu_Stroop,poly,2.71,3.43,0.918,-2.71,2.19,84.21,81.5,82.85499999999999,2.7099999999999937,0
2hpu,2hpu_Video1,2hpu|2hpu_Video1,poly,7.35,8.04,-0.176,7.35,3.27,73.03,80.38,76.705,-7.349999999999994,0
2hpu,2hpu_Video2,2hpu|2hpu_Video2,poly,4.52,5.36,0.046,4.52,2.91,72.93,77.45,75.19,-4.519999999999996,0
2z7d,2z7d_Baseline,2z7d|2z7d_Baseline,poly,9.74,13.07,0.631,-9.72,9.06,91.7,81.98,86.84,9.719999999999999,0
2z7d,2z7d_Breathing,2z7d|2z7d_Breathing,poly,4.31,5.12,0.478,-2.63,4.44,84.56,81.93,83.245,2.6299999999999955,0
2z7d,2z7d_Counting1,2z7d|2z7d_Counting1,poly,6.46,8.74,-0.351,-5.72,6.88,86.97,81.25,84.11,5.719999999999999,0
2z7d,2z7d_Counting2,2z7d|2z7d_Counting2,poly,3.21,3.84,-0.187,-1.65,3.61,86.82,85.17,85.995,1.6499999999999915,0
2z7d,2z7d_Counting3,2z7d|2z7d_Counting3,poly,5.29,5.67,0.932,3.51,4.62,89.32,92.83,91.07499999999999,-3.510000000000005,0
2z7d,2z7d_Math,2z7d|2z7d_Math,poly,3.21,3.72,0.651,2.43,2.93,88.98,91.4,90.19,-2.4200000000000017,0
2z7d,2z7d_Reading,2z7d|2z7d_Reading,poly,2.5,3.13,0.754,-2.13,2.38,87.31,85.17,86.24000000000001,2.1400000000000006,0
2z7d,2z7d_Relax,2z7d|2z7d_Relax,poly,4.48,5.56,-0.373,-1.12,5.5,78.79,77.67,78.23,1.1200000000000045,0
2z7d,2z7d_Speaking,2z7d|2z7d_Speaking,poly,17.99,18.99,-0.939,-17.99,6.32,91.72,73.73,82.725,17.989999999999995,1
2z7d,2z7d_Stroop,2z7d|2z7d_Stroop,poly,7.32,8.33,-0.673,1.51,8.5,88.22,89.73,88.975,-1.5100000000000051,0
2z7d,2z7d_Video1,2z7d|2z7d_Video1,poly,3.25,3.96,0.466,-2.46,3.14,87.93,85.48,86.70500000000001,2.450000000000003,0
2z7d,2z7d_Video2,2z7d|2z7d_Video2,poly,2.83,3.84,0.133,-0.2,3.89,84.4,84.2,84.30000000000001,0.20000000000000284,0
45lx,45lx_Baseline,45lx|45lx_Baseline,poly,19.57,20.83,-0.89,19.57,7.43,54.27,73.83,64.05,-19.559999999999995,1
45lx,45lx_Breathing,45lx|45lx_Breathing,poly,25.89,26.26,0.031,25.89,4.43,50.54,76.43,63.485,-25.890000000000008,1
45lx,45lx_Counting1,45lx|45lx_Counting1,poly,21.75,21.84,0.94,21.75,2.15,57.44,79.19,68.315,-21.75,1
45lx,45lx_Counting2,45lx|45lx_Counting2,poly,23.61,23.99,0.982,23.61,4.38,51.51,75.12,63.315,-23.610000000000007,1
45lx,45lx_Counting3,45lx|45lx_Counting3,poly,16.39,17.67,0.838,16.39,6.88,54.69,71.08,62.885,-16.39,1
45lx,45lx_Math,45lx|45lx_Math,poly,18.36,18.74,-0.448,18.36,3.9,54.52,72.88,63.7,-18.359999999999992,1
45lx,45lx_Reading,45lx|45lx_Reading,poly,1.92,2.11,0.931,0.42,2.15,58.59,59.01,58.8,-0.4199999999999946,0
45lx,45lx_Relax,45lx|45lx_Relax,poly,26.69,27.12,-0.159,26.69,4.89,50.43,77.12,63.775000000000006,-26.690000000000005,1
45lx,45lx_Speaking,45lx|45lx_Speaking,poly,11.94,13.98,-0.97,11.94,7.55,55.33,67.26,61.295,-11.930000000000007,1
45lx,45lx_Stroop,45lx|45lx_Stroop,poly,2.78,3.36,-0.521,2.78,1.98,60.57,63.34,61.955,-2.770000000000003,0
45lx,45lx_Video1,45lx|45lx_Video1,poly,31.09,31.25,0.633,31.09,3.17,47.51,78.6,63.05499999999999,-31.089999999999996,1
45lx,45lx_Video2,45lx|45lx_Video2,poly,23.45,25.9,-0.6,23.45,11.16,49.22,72.67,60.945,-23.450000000000003,1
4e8r,4e8r_Baseline,4e8r|4e8r_Baseline,poly,4.67,5.69,-0.469,0.95,5.82,80.95,81.91,81.43,-0.9599999999999937,0
4e8r,4e8r_Breathing,4e8r|4e8r_Breathing,poly,6.18,7.42,-0.279,1.29,7.38,74.78,76.07,75.425,-1.289999999999992,0
4e8r,4e8r_Counting1,4e8r|4e8r_Counting1,poly,11.68,13.32,-0.535,-8.29,10.85,105.14,96.84,100.99000000000001,8.299999999999997,1
4e8r,4e8r_Counting2,4e8r|4e8r_Counting2,poly,25.3,25.39,0.767,-25.3,2.29,105.86,80.56,93.21000000000001,25.299999999999997,1
4e8r,4e8r_Counting3,4e8r|4e8r_Counting3,poly,4.56,4.65,0.533,-4.56,0.95,84.93,80.36,82.64500000000001,4.570000000000007,0
4e8r,4e8r_Math,4e8r|4e8r_Math,poly,6.06,7.23,-0.541,5.67,4.66,93.53,99.2,96.36500000000001,-5.670000000000002,0
4e8r,4e8r_Reading,4e8r|4e8r_Reading,poly,24.87,27.09,-0.855,-24.87,11.18,109.35,84.48,96.91499999999999,24.86999999999999,1
4e8r,4e8r_Relax,4e8r|4e8r_Relax,poly,7.16,8.48,0.144,4.43,7.32,76.42,80.85,78.63499999999999,-4.429999999999993,0
4e8r,4e8r_Speaking,4e8r|4e8r_Speaking,poly,10.98,11.14,0.836,-10.98,1.96,98.39,87.41,92.9,10.980000000000004,1
4e8r,4e8r_Stroop,4e8r|4e8r_Stroop,poly,2.36,2.74,0.551,2.27,1.6,96.89,99.15,98.02000000000001,-2.260000000000005,0
4e8r,4e8r_Video1,4e8r|4e8r_Video1,poly,5.21,7.4,0.047,2.59,7.0,74.86,77.45,76.155,-2.5900000000000034,0
4e8r,4e8r_Video2,4e8r|4e8r_Video2,poly,8.86,10.2,0.084,8.86,5.13,72.64,81.5,77.07,-8.86,0
4woj,4woj_Baseline,4woj|4woj_Baseline,poly,31.57,31.69,0.345,31.57,2.94,47.14,78.7,62.92,-31.560000000000002,1
4woj,4woj_Breathing,4woj|4woj_Breathing,poly,22.3,23.9,0.574,22.3,8.68,53.5,75.8,64.65,-22.299999999999997,1
4woj,4woj_Counting1,4woj|4woj_Counting1,poly,9.26,12.01,-0.902,3.27,11.99,69.6,72.87,71.235,-3.2700000000000102,0
4woj,4woj_Counting2,4woj|4woj_Counting2,poly,8.07,8.45,0.446,-8.07,2.6,68.12,60.05,64.08500000000001,8.070000000000007,0
4woj,4woj_Counting3,4woj|4woj_Counting3,poly,4.94,5.75,-0.341,-1.77,5.68,71.41,69.64,70.525,1.769999999999996,0
4woj,4woj_Math,4woj|4woj_Math,poly,11.88,12.15,0.158,11.88,2.65,78.52,90.4,84.46000000000001,-11.88000000000001,1
4woj,4woj_Reading,4woj|4woj_Reading,poly,6.64,9.35,-0.028,6.56,6.91,79.13,85.69,82.41,-6.560000000000002,0
4woj,4woj_Relax,4woj|4woj_Relax,poly,24.45,25.22,0.179,24.45,6.25,51.41,75.86,63.635,-24.450000000000003,1
4woj,4woj_Speaking,4woj|4woj_Speaking,poly,12.13,12.23,0.509,12.13,1.62,57.15,69.28,63.215,-12.130000000000003,1
4woj,4woj_Stroop,4woj|4woj_Stroop,poly,8.58,8.83,0.354,8.58,2.18,58.87,67.45,63.16,-8.580000000000005,0
4woj,4woj_Video1,4woj|4woj_Video1,poly,28.52,30.77,0.321,28.52,11.66,50.13,78.66,64.395,-28.529999999999994,1
4woj,4woj_Video2,4woj|4woj_Video2,poly,31.85,32.24,-0.162,31.85,5.09,46.01,77.85,61.92999999999999,-31.839999999999996,1
5f7t,5f7t_Baseline,5f7t|5f7t_Baseline,poly,5.75,6.43,-0.611,3.93,5.3,76.71,80.64,78.675,-3.930000000000007,0
5f7t,5f7t_Breathing,5f7t|5f7t_Breathing,poly,7.08,7.72,-0.29,-5.68,5.27,67.42,61.74,64.58,5.68,0
5f7t,5f7t_Counting1,5f7t|5f7t_Counting1,poly,3.44,4.44,0.658,-3.33,3.05,80.75,77.42,79.08500000000001,3.3299999999999983,0
5f7t,5f7t_Counting2,5f7t|5f7t_Counting2,poly,3.55,4.34,0.992,3.55,2.58,77.67,81.22,79.445,-3.549999999999997,0
5f7t,5f7t_Counting3,5f7t|5f7t_Counting3,poly,6.24,6.87,-0.613,6.24,2.99,76.11,82.35,79.22999999999999,-6.239999999999995,0
5f7t,5f7t_Math,5f7t|5f7t_Math,poly,2.23,3.4,-0.393,0.94,3.39,78.74,79.68,79.21000000000001,-0.9400000000000119,0
5f7t,5f7t_Reading,5f7t|5f7t_Reading,poly,2.63,3.45,-0.411,0.96,3.44,81.29,82.25,81.77000000000001,-0.9599999999999937,0
5f7t,5f7t_Relax,5f7t|5f7t_Relax,poly,12.46,14.13,-0.107,12.46,6.74,65.36,77.82,71.59,-12.459999999999994,1
5f7t,5f7t_Speaking,5f7t|5f7t_Speaking,poly,11.89,12.27,-0.621,11.89,3.18,74.09,85.98,80.035,-11.89,1
5f7t,5f7t_Stroop,5f7t|5f7t_Stroop,poly,1.16,1.3,0.848,-1.16,0.61,78.6,77.43,78.015,1.1699999999999875,0
5f7t,5f7t_Video1,5f7t|5f7t_Video1,poly,6.48,7.71,-0.174,6.32,4.47,68.38,74.7,71.53999999999999,-6.320000000000007,0
5f7t,5f7t_Video2,5f7t|5f7t_Video2,poly,7.25,7.71,-0.138,-7.25,2.66,69.95,62.69,66.32,7.260000000000005,0
6g6y,6g6y_Baseline,6g6y|6g6y_Baseline,poly,18.88,20.59,-0.816,-18.88,8.56,80.21,61.33,70.77,18.879999999999995,1
6g6y,6g6y_Breathing,6g6y|6g6y_Breathing,poly,10.83,12.39,-0.643,9.85,7.59,70.87,80.72,75.795,-9.849999999999994,1
6g6y,6g6y_Counting1,6g6y|6g6y_Counting1,poly,2.2,2.78,0.941,-0.75,2.78,97.85,97.1,97.475,0.75,0
6g6y,6g6y_Counting2,6g6y|6g6y_Counting2,poly,15.13,16.69,-0.073,-15.13,7.32,100.04,84.91,92.475,15.13000000000001,1
6g6y,6g6y_Counting3,6g6y|6g6y_Counting3,poly,12.62,13.13,0.396,-12.62,3.78,100.44,87.82,94.13,12.620000000000005,1
6g6y,6g6y_Math,6g6y|6g6y_Math,poly,15.65,19.58,-0.976,15.65,12.21,106.61,122.27,114.44,-15.659999999999997,1
6g6y,6g6y_Reading,6g6y|6g6y_Reading,poly,10.52,12.98,-0.808,-10.52,7.91,105.21,94.69,99.94999999999999,10.519999999999996,1
6g6y,6g6y_Relax,6g6y|6g6y_Relax,poly,6.57,7.54,-0.203,-3.07,6.97,84.52,81.46,82.99,3.0600000000000023,0
6g6y,6g6y_Speaking,6g6y|6g6y_Speaking,poly,13.68,14.21,0.253,-13.68,4.0,96.23,82.55,89.39,13.680000000000007,1
6g6y,6g6y_Stroop,6g6y|6g6y_Stroop,poly,12.37,13.79,-0.429,-12.37,6.34,94.11,81.74,87.925,12.370000000000005,1
6g6y,6g6y_Video1,6g6y|6g6y_Video1,poly,6.81,8.13,-0.515,6.3,5.19,71.39,77.69,74.53999999999999,-6.299999999999997,0
6g6y,6g6y_Video2,6g6y|6g6y_Video2,poly,8.23,8.94,-0.724,2.36,8.75,77.34,79.71,78.525,-2.3699999999999903,0
6k5f,6k5f_Baseline,6k5f|6k5f_Baseline,poly,3.62,4.8,-0.762,3.6,3.29,76.91,80.51,78.71000000000001,-3.6000000000000085,0
6k5f,6k5f_Breathing,6k5f|6k5f_Breathing,poly,9.37,9.56,0.502,9.37,1.92,64.04,73.41,68.725,-9.36999999999999,0
6k5f,6k5f_Counting1,6k5f|6k5f_Counting1,poly,12.08,13.68,0.921,-11.96,6.91,79.63,67.67,73.65,11.959999999999994,1
6k5f,6k5f_Counting2,6k5f|6k5f_Counting2,poly,14.61,14.64,0.087,-14.61,0.94,74.53,59.93,67.23,14.600000000000001,1
6k5f,6k5f_Counting3,6k5f|6k5f_Counting3,poly,2.99,3.49,0.593,2.99,1.87,73.19,76.17,74.68,-2.980000000000004,0
6k5f,6k5f_Math,6k5f|6k5f_Math,poly,5.61,7.24,0.67,5.09,5.35,68.94,74.03,71.485,-5.090000000000003,0
6k5f,6k5f_Reading,6k5f|6k5f_Reading,poly,6.7,6.77,0.84,-6.7,0.99,74.19,67.49,70.84,6.700000000000003,0
6k5f,6k5f_Relax,6k5f|6k5f_Relax,poly,10.47,11.6,-0.36,10.15,5.69,64.55,74.7,69.625,-10.150000000000006,1
6k5f,6k5f_Speaking,6k5f|6k5f_Speaking,poly,12.05,14.22,-0.475,-9.27,11.19,70.36,61.09,65.725,9.269999999999996,1
6k5f,6k5f_Stroop,6k5f|6k5f_Stroop,poly,18.1,18.11,-0.296,-18.1,0.59,68.12,50.02,59.07000000000001,18.1,1
6k5f,6k5f_Video1,6k5f|6k5f_Video1,poly,9.85,12.42,0.097,9.55,8.02,66.76,76.32,71.53999999999999,-9.559999999999988,0
6k5f,6k5f_Video2,6k5f|6k5f_Video2,poly,5.53,6.04,-0.313,5.53,2.47,67.25,72.77,70.00999999999999,-5.519999999999996,0
71i5,71i5_Baseline,71i5|71i5_Baseline,poly,8.91,9.3,0.449,-8.91,2.8,93.33,84.42,88.875,8.909999999999997,0
71i5,71i5_Breathing,71i5|71i5_Breathing,poly,11.51,13.86,-0.236,4.03,13.38,92.11,96.14,94.125,-4.030000000000001,1
71i5,71i5_Counting1,71i5|71i5_Counting1,poly,20.66,20.9,-0.325,-20.66,3.25,95.74,75.08,85.41,20.659999999999997,1
71i5,71i5_Counting2,71i5|71i5_Counting2,poly,17.09,17.31,-0.685,-17.09,2.85,91.69,74.6,83.145,17.090000000000003,1
71i5,71i5_Counting3,71i5|71i5_Counting3,poly,9.17,11.66,-0.581,-5.25,10.83,91.43,86.18,88.805,5.25,0
71i5,71i5_Math,71i5|71i5_Math,poly,3.16,3.55,-0.01,2.87,2.17,96.76,99.62,98.19,-2.8599999999999994,0
71i5,71i5_Reading,71i5|71i5_Reading,poly,16.77,17.15,-0.469,-16.77,3.7,88.61,71.83,80.22,16.78,1
71i5,71i5_Relax,71i5|71i5_Relax,poly,5.93,8.33,-0.255,-4.44,7.13,78.54,74.1,76.32,4.440000000000012,0
71i5,71i5_Speaking,71i5|71i5_Speaking,poly,11.59,12.24,0.57,11.59,4.1,90.77,102.35,96.56,-11.579999999999998,1
71i5,71i5_Stroop,71i5|71i5_Stroop,poly,6.18,7.62,-0.509,-3.14,7.21,88.77,85.63,87.19999999999999,3.1400000000000006,0
71i5,71i5_Video1,71i5|71i5_Video1,poly,8.57,10.65,-0.753,-2.68,10.41,89.96,87.27,88.615,2.6899999999999977,0
71i5,71i5_Video2,71i5|71i5_Video2,poly,5.33,6.38,0.423,1.06,6.39,85.62,86.67,86.14500000000001,-1.0499999999999972,0
7h5u,7h5u_Baseline,7h5u|7h5u_Baseline,poly,5.54,9.94,-0.933,5.54,8.59,82.49,88.03,85.25999999999999,-5.540000000000006,0
7h5u,7h5u_Breathing,7h5u|7h5u_Breathing,poly,4.08,5.56,0.197,2.4,5.06,69.69,72.09,70.89,-2.4000000000000057,0
7h5u,7h5u_Counting1,7h5u|7h5u_Counting1,poly,1.78,2.13,0.232,-1.49,1.59,76.23,74.74,75.485,1.490000000000009,0
7h5u,7h5u_Counting2,7h5u|7h5u_Counting2,poly,5.01,5.91,0.007,5.0,3.28,74.5,79.51,77.005,-5.010000000000005,0
7h5u,7h5u_Counting3,7h5u|7h5u_Counting3,poly,3.49,4.07,-0.611,3.49,2.18,73.91,77.4,75.655,-3.490000000000009,0
7h5u,7h5u_Math,7h5u|7h5u_Math,poly,2.88,3.67,-0.561,-0.71,3.75,72.46,71.74,72.1,0.7199999999999989,0
7h5u,7h5u_Reading,7h5u|7h5u_Reading,poly,3.26,3.62,-0.147,0.59,3.71,72.91,73.5,73.205,-0.5900000000000034,0
7h5u,7h5u_Relax,7h5u|7h5u_Relax,poly,6.71,8.15,-0.696,2.48,7.85,64.76,67.24,66.0,-2.4799999999999898,0
7h5u,7h5u_Speaking,7h5u|7h5u_Speaking,poly,5.21,5.43,0.818,-5.21,1.58,72.2,66.99,69.595,5.210000000000008,0
7h5u,7h5u_Stroop,7h5u|7h5u_Stroop,poly,6.65,7.52,-0.805,-6.26,4.32,71.46,65.2,68.33,6.259999999999991,0
7h5u,7h5u_Video1,7h5u|7h5u_Video1,poly,4.35,5.32,-0.245,-0.18,5.37,72.32,72.14,72.22999999999999,0.1799999999999926,0
8g4y,8g4y_Baseline,8g4y|8g4y_Baseline,poly,2.86,3.28,-0.078,2.79,1.8,70.77,73.56,72.16499999999999,-2.7900000000000063,0
8g4y,8g4y_Breathing,8g4y|8g4y_Breathing,poly,9.97,10.46,0.096,9.97,3.18,67.36,77.34,72.35,-9.980000000000004,0
8g4y,8g4y_Counting1,8g4y|8g4y_Counting1,poly,2.6,2.79,0.253,-2.6,1.05,69.98,67.38,68.68,2.6000000000000085,0
8g4y,8g4y_Counting2,8g4y|8g4y_Counting2,poly,2.42,2.74,0.798,2.42,1.35,68.85,71.26,70.055,-2.410000000000011,0
8g4y,8g4y_Counting3,8g4y|8g4y_Counting3,poly,6.81,8.09,-0.766,-4.94,6.67,73.45,68.51,70.98,4.939999999999998,0
8g4y,8g4y_Math,8g4y|8g4y_Math,poly,4.33,4.53,0.083,-4.33,1.38,69.77,65.45,67.61,4.319999999999993,0
8g4y,8g4y_Reading,8g4y|8g4y_Reading,poly,10.17,10.38,0.734,-10.17,2.18,95.2,85.03,90.11500000000001,10.170000000000002,1
8g4y,8g4y_Relax,8g4y|8g4y_Relax,poly,13.09,14.18,-0.356,13.09,5.53,61.44,74.53,67.985,-13.090000000000003,1
8g4y,8g4y_Speaking,8g4y|8g4y_Speaking,poly,5.13,5.41,0.933,-5.13,1.78,71.98,66.85,69.41499999999999,5.13000000000001,0
8g4y,8g4y_Stroop,8g4y|8g4y_Stroop,poly,1.74,2.0,-0.274,-1.15,1.7,70.23,69.07,69.65,1.1600000000000108,0
8g4y,8g4y_Video1,8g4y|8g4y_Video1,poly,8.09,8.61,0.425,8.07,3.04,64.75,72.82,68.785,-8.069999999999993,0
8g4y,8g4y_Video2,8g4y|8g4y_Video2,poly,6.29,6.56,0.145,6.29,1.88,64.33,70.62,67.475,-6.290000000000006,0
8i4i,8i4i_Baseline,8i4i|8i4i_Baseline,poly,18.0,18.14,0.57,18.0,2.33,60.89,78.89,69.89,-18.0,1
8i4i,8i4i_Breathing,8i4i|8i4i_Breathing,poly,19.77,21.82,0.315,19.77,9.32,60.47,80.23,70.35,-19.760000000000005,1
8i4i,8i4i_Counting1,8i4i|8i4i_Counting1,poly,13.75,15.01,-0.288,13.75,6.26,68.83,82.58,75.705,-13.75,1
8i4i,8i4i_Counting2,8i4i|8i4i_Counting2,poly,12.29,12.33,-0.762,12.29,1.15,58.36,70.65,64.505,-12.290000000000006,1
8i4i,8i4i_Counting3,8i4i|8i4i_Counting3,poly,2.54,3.07,0.849,2.52,1.81,64.69,67.21,65.94999999999999,-2.519999999999996,0
8i4i,8i4i_Math,8i4i|8i4i_Math,poly,6.25,6.41,0.838,6.25,1.46,68.97,75.22,72.095,-6.25,0
8i4i,8i4i_Reading,8i4i|8i4i_Reading,poly,6.05,6.13,0.92,6.05,1.0,67.76,73.81,70.785,-6.049999999999997,0
8i4i,8i4i_Relax,8i4i|8i4i_Relax,poly,15.82,17.72,-0.43,15.82,8.08,58.5,74.32,66.41,-15.819999999999993,1
8i4i,8i4i_Speaking,8i4i|8i4i_Speaking,poly,19.75,20.23,-0.741,19.75,4.55,64.9,84.65,74.775,-19.75,1
8i4i,8i4i_Stroop,8i4i|8i4i_Stroop,poly,10.57,11.65,-0.996,10.57,5.08,57.85,68.43,63.14,-10.580000000000005,1
8i4i,8i4i_Video1,8i4i|8i4i_Video1,poly,23.22,23.67,-0.081,23.22,4.68,53.96,77.18,65.57000000000001,-23.220000000000006,1
8i4i,8i4i_Video2,8i4i|8i4i_Video2,poly,27.44,27.87,0.045,27.44,4.98,53.02,80.46,66.74,-27.43999999999999,1
9j3o,9j3o_Baseline,9j3o|9j3o_Baseline,poly,3.32,3.45,0.904,-3.32,0.98,83.21,79.89,81.55,3.319999999999993,0
9j3o,9j3o_Breathing,9j3o|9j3o_Breathing,poly,3.01,3.55,0.918,-2.85,2.13,83.28,80.43,81.855,2.8499999999999943,0
9j3o,9j3o_Counting1,9j3o|9j3o_Counting1,poly,6.78,7.02,0.708,-6.78,1.88,85.65,78.86,82.255,6.790000000000006,0
9j3o,9j3o_Counting2,9j3o|9j3o_Counting2,poly,2.88,3.91,-0.887,-2.0,3.49,89.97,87.97,88.97,2.0,0
9j3o,9j3o_Counting3,9j3o|9j3o_Counting3,poly,6.83,7.37,-0.776,-4.24,6.26,86.71,82.47,84.59,4.239999999999995,0
9j3o,9j3o_Math,9j3o|9j3o_Math,poly,5.7,7.02,-0.807,-4.53,5.58,87.7,83.18,85.44,4.519999999999996,0
9j3o,9j3o_Reading,9j3o|9j3o_Reading,poly,2.94,3.27,-0.548,-0.22,3.4,77.06,76.83,76.945,0.23000000000000398,0
9j3o,9j3o_Relax,9j3o|9j3o_Relax,poly,3.01,3.59,0.522,1.99,3.02,75.9,77.89,76.89500000000001,-1.9899999999999949,0
9j3o,9j3o_Speaking,9j3o|9j3o_Speaking,poly,6.19,6.86,-0.798,0.55,7.1,82.56,83.11,82.83500000000001,-0.5499999999999972,0
9j3o,9j3o_Stroop,9j3o|9j3o_Stroop,poly,5.39,5.78,0.863,-4.6,3.63,82.42,77.82,80.12,4.6000000000000085,0
9j3o,9j3o_Video1,9j3o|9j3o_Video1,poly,6.35,8.82,-0.422,-6.31,6.22,84.84,78.53,81.685,6.310000000000002,0
9j3o,9j3o_Video2,9j3o|9j3o_Video2,poly,2.08,2.44,-0.262,0.17,2.47,79.81,79.98,79.89500000000001,-0.1700000000000017,0
9t6n,9t6n_Baseline,9t6n|9t6n_Baseline,poly,6.47,7.25,0.89,-3.61,6.55,85.48,81.87,83.67500000000001,3.6099999999999994,0
9t6n,9t6n_Breathing,9t6n|9t6n_Breathing,poly,14.24,14.61,0.713,-14.24,3.29,72.3,58.06,65.18,14.239999999999995,1
9t6n,9t6n_Counting1,9t6n|9t6n_Counting1,poly,10.65,11.84,-0.835,-10.65,5.37,84.5,73.85,79.175,10.650000000000006,1
9t6n,9t6n_Counting2,9t6n|9t6n_Counting2,poly,9.67,11.2,0.175,-8.47,7.62,80.32,71.84,76.08,8.47999999999999,0
9t6n,9t6n_Counting3,9t6n|9t6n_Counting3,poly,6.05,6.91,0.361,-4.44,5.49,83.88,79.44,81.66,4.439999999999998,0
9t6n,9t6n_Math,9t6n|9t6n_Math,poly,2.2,2.5,0.784,1.01,2.37,79.74,80.75,80.245,-1.0100000000000051,0
9t6n,9t6n_Reading,9t6n|9t6n_Reading,poly,11.07,11.35,0.256,-11.07,2.6,90.8,79.73,85.265,11.069999999999993,1
9t6n,9t6n_Relax,9t6n|9t6n_Relax,poly,16.83,19.93,0.034,16.25,11.68,69.2,85.45,77.325,-16.25,1
9t6n,9t6n_Speaking,9t6n|9t6n_Speaking,poly,3.9,4.66,-0.545,-1.99,4.38,82.98,80.99,81.985,1.990000000000009,0
9t6n,9t6n_Stroop,9t6n|9t6n_Stroop,poly,5.29,6.54,-0.892,-3.09,5.98,85.23,82.15,83.69,3.0799999999999983,0
9t6n,9t6n_Video1,9t6n|9t6n_Video1,poly,5.84,7.19,-0.03,1.28,7.15,74.42,75.7,75.06,-1.2800000000000011,0
9t6n,9t6n_Video2,9t6n|9t6n_Video2,poly,6.56,8.6,0.477,3.56,7.95,70.23,73.79,72.01,-3.5600000000000023,0
9txq,9txq_Baseline,9txq|9txq_Baseline,poly,5.09,5.29,0.775,5.09,1.48,65.99,71.08,68.535,-5.090000000000003,0
9txq,9txq_Breathing,9txq|9txq_Breathing,poly,12.45,12.74,0.371,12.45,2.72,57.79,70.24,64.015,-12.449999999999996,1
9txq,9txq_Counting1,9txq|9txq_Counting1,poly,5.4,6.03,0.947,5.4,2.8,65.85,71.24,68.54499999999999,-5.390000000000001,0
9txq,9txq_Counting2,9txq|9txq_Counting2,poly,1.32,1.79,-0.194,0.41,1.81,63.57,63.98,63.775,-0.4099999999999966,0
9txq,9txq_Counting3,9txq|9txq_Counting3,poly,11.79,11.88,0.81,11.79,1.54,60.43,72.22,66.325,-11.79,1
9txq,9txq_Math,9txq|9txq_Math,poly,3.98,4.66,-0.486,2.61,4.01,62.18,64.8,63.489999999999995,-2.6199999999999974,0
9txq,9txq_Reading,9txq|9txq_Reading,poly,1.09,1.26,0.884,0.45,1.23,62.39,62.84,62.615,-0.45000000000000284,0
9txq,9txq_Relax,9txq|9txq_Relax,poly,19.13,20.13,0.361,19.13,6.35,55.96,75.08,65.52,-19.119999999999997,1
9txq,9txq_Speaking,9txq|9txq_Speaking,poly,2.96,3.26,-0.377,2.96,1.4,62.66,65.62,64.14,-2.960000000000008,0
9txq,9txq_Stroop,9txq|9txq_Stroop,poly,11.0,11.93,-0.709,11.0,4.79,58.69,69.69,64.19,-11.0,1
9txq,9txq_Video1,9txq|9txq_Video1,poly,9.91,11.21,-0.514,9.91,5.28,57.32,67.23,62.275000000000006,-9.910000000000004,0
9txq,9txq_Video2,9txq|9txq_Video2,poly,11.37,12.41,-0.691,11.37,5.05,56.66,68.03,62.345,-11.370000000000005,1
a1k9,a1k9_Baseline,a1k9|a1k9_Baseline,poly,32.09,32.51,-0.239,-32.09,5.45,107.12,75.03,91.075,32.09,1
a1k9,a1k9_Breathing,a1k9|a1k9_Breathing,poly,5.18,6.23,0.195,-2.12,5.91,82.53,80.41,81.47,2.1200000000000045,0
a1k9,a1k9_Counting1,a1k9|a1k9_Counting1,poly,18.96,19.43,-0.437,-18.96,4.44,112.8,93.84,103.32,18.959999999999994,1
a1k9,a1k9_Counting2,a1k9|a1k9_Counting2,poly,25.1,25.59,0.63,-25.1,5.15,109.86,84.76,97.31,25.099999999999994,1
a1k9,a1k9_Counting3,a1k9|a1k9_Counting3,poly,23.99,24.13,0.444,-23.99,2.73,110.94,86.95,98.945,23.989999999999995,1
a1k9,a1k9_Math,a1k9|a1k9_Math,poly,31.15,33.42,-0.986,-31.15,12.57,124.43,93.29,108.86000000000001,31.14,1
a1k9,a1k9_Reading,a1k9|a1k9_Reading,poly,28.45,28.55,0.815,-28.45,2.4,118.8,90.35,104.57499999999999,28.450000000000003,1
a1k9,a1k9_Relax,a1k9|a1k9_Relax,poly,4.74,5.46,0.093,-2.11,5.09,83.17,81.06,82.11500000000001,2.1099999999999994,0
a1k9,a1k9_Speaking,a1k9|a1k9_Speaking,poly,17.83,18.06,0.813,-17.83,3.02,95.33,77.5,86.41499999999999,17.83,1
a1k9,a1k9_Stroop,a1k9|a1k9_Stroop,poly,15.94,17.72,-0.913,-15.94,8.05,107.33,91.39,99.36,15.939999999999998,1
a1k9,a1k9_Video1,a1k9|a1k9_Video1,poly,2.77,3.71,0.499,0.71,3.68,77.11,77.81,77.46000000000001,-0.7000000000000028,0
a1k9,a1k9_Video2,a1k9|a1k9_Video2,poly,6.27,8.66,0.553,6.2,6.14,73.58,79.78,76.68,-6.200000000000003,0
b2l8,b2l8_Baseline,b2l8|b2l8_Baseline,poly,4.31,4.69,-0.566,-4.31,1.93,75.94,71.64,73.78999999999999,4.299999999999997,0
b2l8,b2l8_Breathing,b2l8|b2l8_Breathing,poly,4.78,6.28,0.254,4.75,4.14,73.7,78.45,76.075,-4.75,0
b2l8,b2l8_Counting1,b2l8|b2l8_Counting1,poly,0.9,1.07,-0.051,0.4,1.02,73.27,73.67,73.47,-0.4000000000000057,0
b2l8,b2l8_Counting2,b2l8|b2l8_Counting2,poly,4.15,4.74,0.148,4.15,2.38,73.4,77.55,75.475,-4.1499999999999915,0
b2l8,b2l8_Counting3,b2l8|b2l8_Counting3,poly,2.41,2.71,-0.266,-1.78,2.11,72.39,70.61,71.5,1.7800000000000011,0
b2l8,b2l8_Math,b2l8|b2l8_Math,poly,1.91,2.46,0.105,0.41,2.51,69.21,69.62,69.41499999999999,-0.4100000000000108,0
b2l8,b2l8_Reading,b2l8|b2l8_Reading,poly,3.27,4.4,-0.612,2.97,3.37,77.1,80.07,78.585,-2.969999999999999,0
b2l8,b2l8_Relax,b2l8|b2l8_Relax,poly,4.14,4.89,-0.298,4.14,2.64,68.3,72.44,70.37,-4.140000000000001,0
b2l8,b2l8_Speaking,b2l8|b2l8_Speaking,poly,5.9,7.51,0.076,4.43,6.31,73.98,78.41,76.195,-4.429999999999993,0
b2l8,b2l8_Stroop,b2l8|b2l8_Stroop,poly,2.07,2.84,0.711,1.87,2.21,73.77,75.64,74.705,-1.8700000000000045,0
b2l8,b2l8_Video1,b2l8|b2l8_Video1,poly,2.93,3.79,0.67,2.93,2.43,68.75,71.68,70.215,-2.930000000000007,0
b2l8,b2l8_Video2,b2l8|b2l8_Video2,poly,1.83,2.36,0.657,1.07,2.14,71.26,72.33,71.795,-1.0699999999999932,0
b9w0,b9w0_Baseline,b9w0|b9w0_Baseline,poly,3.81,4.35,0.963,-3.5,2.68,95.36,91.85,93.60499999999999,3.510000000000005,0
b9w0,b9w0_Breathing,b9w0|b9w0_Breathing,poly,5.44,6.64,0.421,-3.32,5.8,86.13,82.81,84.47,3.319999999999993,0
b9w0,b9w0_Counting1,b9w0|b9w0_Counting1,poly,22.01,22.14,0.727,-22.01,2.42,105.52,83.51,94.515,22.00999999999999,1
b9w0,b9w0_Counting2,b9w0|b9w0_Counting2,poly,11.81,12.86,-0.844,-11.81,5.27,92.1,80.29,86.195,11.809999999999988,1
b9w0,b9w0_Counting3,b9w0|b9w0_Counting3,poly,11.66,12.16,-0.467,-11.66,3.57,96.19,84.53,90.36,11.659999999999997,1
b9w0,b9w0_Math,b9w0|b9w0_Math,poly,10.58,11.44,-0.876,-10.58,4.53,98.56,87.98,93.27000000000001,10.579999999999998,1
b9w0,b9w0_Reading,b9w0|b9w0_Reading,poly,15.64,17.97,-0.956,-14.56,10.96,101.04,86.48,93.76,14.560000000000002,1
b9w0,b9w0_Relax,b9w0|b9w0_Relax,poly,2.58,2.98,0.255,-2.22,2.02,79.53,77.31,78.42,2.219999999999999,0
b9w0,b9w0_Speaking,b9w0|b9w0_Speaking,poly,8.0,8.79,0.04,-7.54,4.69,95.76,88.22,91.99000000000001,7.540000000000006,0
b9w0,b9w0_Stroop,b9w0|b9w0_Stroop,poly,17.41,18.04,0.414,-17.41,4.92,95.79,78.38,87.08500000000001,17.41000000000001,1
b9w0,b9w0_Video1,b9w0|b9w0_Video1,poly,2.12,3.0,0.444,-1.24,2.76,86.6,85.36,85.97999999999999,1.2399999999999949,0
b9w0,b9w0_Video2,b9w0|b9w0_Video2,poly,1.89,2.32,0.786,-0.66,2.25,79.85,79.19,79.52,0.6599999999999966,0
bfl5,bfl5_Baseline,bfl5|bfl5_Baseline,poly,6.01,6.58,0.784,6.01,2.8,89.06,95.07,92.065,-6.009999999999991,0
bfl5,bfl5_Breathing,bfl5|bfl5_Breathing,poly,2.48,3.52,0.502,-1.17,3.35,81.05,79.88,80.465,1.1700000000000017,0
bfl5,bfl5_Counting1,bfl5|bfl5_Counting1,poly,6.45,7.31,-0.795,0.83,7.53,94.51,95.34,94.92500000000001,-0.8299999999999983,0
bfl5,bfl5_Counting2,bfl5|bfl5_Counting2,poly,8.57,9.3,-0.956,-5.32,7.92,93.27,87.94,90.60499999999999,5.329999999999998,0
bfl5,bfl5_Counting3,bfl5|bfl5_Counting3,poly,5.95,6.69,-0.786,-5.1,4.5,90.44,85.34,87.89,5.099999999999994,0
bfl5,bfl5_Math,bfl5|bfl5_Math,poly,5.42,5.82,-0.728,-0.29,6.04,89.11,88.82,88.965,0.29000000000000625,0
bfl5,bfl5_Reading,bfl5|bfl5_Reading,poly,4.09,4.82,-0.845,-1.05,4.88,87.38,86.34,86.86,1.039999999999992,0
bfl5,bfl5_Relax,bfl5|bfl5_Relax,poly,5.56,6.47,-0.702,3.47,5.52,78.08,81.55,79.815,-3.469999999999999,0
bfl5,bfl5_Speaking,bfl5|bfl5_Speaking,poly,0.72,0.97,-0.332,-0.33,0.95,81.89,81.56,81.725,0.3299999999999983,0
bfl5,bfl5_Stroop,bfl5|bfl5_Stroop,poly,10.42,11.54,-0.939,-10.3,5.4,94.63,84.33,89.47999999999999,10.299999999999997,1
bfl5,bfl5_Video1,bfl5|bfl5_Video1,poly,3.99,4.4,0.39,-1.62,4.13,76.54,74.92,75.73,1.6200000000000045,0
bfl5,bfl5_Video2,bfl5|bfl5_Video2,poly,7.0,8.16,-0.682,6.77,4.63,77.61,84.37,80.99000000000001,-6.760000000000005,0
c3m7,c3m7_Baseline,c3m7|c3m7_Baseline,poly,11.08,13.9,0.189,-8.8,11.16,102.02,93.23,97.625,8.789999999999992,1
c3m7,c3m7_Breathing,c3m7|c3m7_Breathing,poly,11.1,12.16,0.147,-11.02,5.2,101.3,90.28,95.78999999999999,11.019999999999996,1
c3m7,c3m7_Counting1,c3m7|c3m7_Counting1,poly,17.82,17.91,0.6,-17.82,1.89,101.53,83.71,92.62,17.820000000000007,1
c3m7,c3m7_Counting2,c3m7|c3m7_Counting2,poly,12.36,14.65,-0.798,-10.61,10.51,100.22,89.61,94.91499999999999,10.61,1
c3m7,c3m7_Counting3,c3m7|c3m7_Counting3,poly,8.73,9.78,-0.421,-7.82,6.1,91.57,83.75,87.66,7.819999999999993,0
c3m7,c3m7_Math,c3m7|c3m7_Math,poly,18.15,18.24,0.335,-18.15,1.95,101.28,83.13,92.205,18.150000000000006,1
c3m7,c3m7_Reading,c3m7|c3m7_Reading,poly,4.69,5.93,0.733,-4.69,3.77,99.8,95.11,97.455,4.689999999999998,0
c3m7,c3m7_Relax,c3m7|c3m7_Relax,poly,3.74,4.26,0.503,-3.51,2.45,79.57,76.06,77.815,3.509999999999991,0
c3m7,c3m7_Speaking,c3m7|c3m7_Speaking,poly,14.32,15.42,0.917,-14.32,5.94,109.5,95.18,102.34,14.319999999999993,1
c3m7,c3m7_Stroop,c3m7|c3m7_Stroop,poly,12.11,12.41,0.89,-12.11,2.84,93.22,81.11,87.16499999999999,12.11,1
c3m7,c3m7_Video1,c3m7|c3m7_Video1,poly,13.61,15.95,0.033,-13.6,8.41,104.0,90.4,97.2,13.599999999999994,1
c3m7,c3m7_Video2,c3m7|c3m7_Video2,poly,3.86,4.38,0.593,0.91,4.35,89.86,90.77,90.315,-0.9099999999999966,0
chdf,chdf_Baseline,chdf|chdf_Baseline,poly,6.2,6.75,0.09,1.78,6.76,98.15,99.93,99.04,-1.7800000000000011,0
chdf,chdf_Breathing,chdf|chdf_Breathing,poly,10.86,12.67,-0.232,-10.72,6.81,95.06,84.35,89.705,10.710000000000008,1
chdf,chdf_Counting1,chdf|chdf_Counting1,poly,16.3,20.28,0.566,14.06,15.17,96.87,110.92,103.89500000000001,-14.049999999999997,1
chdf,chdf_Counting2,chdf|chdf_Counting2,poly,21.77,23.3,0.718,-21.77,8.6,97.53,75.76,86.64500000000001,21.769999999999996,1
chdf,chdf_Counting3,chdf|chdf_Counting3,poly,9.84,11.96,-0.696,-9.84,7.08,93.63,83.79,88.71000000000001,9.83999999999999,0
chdf,chdf_Math,chdf|chdf_Math,poly,4.61,4.89,0.061,-4.61,1.67,101.38,96.77,99.07499999999999,4.609999999999999,0
chdf,chdf_Reading,chdf|chdf_Reading,poly,34.42,35.22,0.953,-34.42,7.79,110.16,75.74,92.94999999999999,34.42,1
chdf,chdf_Relax,chdf|chdf_Relax,poly,5.73,6.51,0.447,-0.59,6.56,97.22,96.63,96.925,0.5900000000000034,0
chdf,chdf_Speaking,chdf|chdf_Speaking,poly,14.55,14.76,-0.326,-14.55,2.57,105.96,91.41,98.685,14.549999999999997,1
chdf,chdf_Stroop,chdf|chdf_Stroop,poly,7.15,7.98,0.936,-6.91,4.17,95.58,88.67,92.125,6.909999999999997,0
chdf,chdf_Video1,chdf|chdf_Video1,poly,6.32,9.13,0.203,-4.54,8.0,95.98,91.44,93.71000000000001,4.540000000000006,0
chdf,chdf_Video2,chdf|chdf_Video2,poly,11.57,14.63,-0.518,-10.62,10.23,92.52,81.9,87.21000000000001,10.61999999999999,1
ctzy,ctzy_Baseline,ctzy|ctzy_Baseline,poly,2.32,2.81,0.404,-1.6,2.4,78.53,76.93,77.73,1.5999999999999943,0
ctzy,ctzy_Breathing,ctzy|ctzy_Breathing,poly,8.15,8.53,-0.06,8.15,2.54,68.86,77.01,72.935,-8.150000000000006,0
ctzy,ctzy_Counting1,ctzy|ctzy_Counting1,poly,11.66,11.82,0.932,11.66,2.0,75.95,87.61,81.78,-11.659999999999997,1
ctzy,ctzy_Counting2,ctzy|ctzy_Counting2,poly,2.95,3.52,0.679,2.86,2.14,76.11,78.97,77.53999999999999,-2.8599999999999994,0
ctzy,ctzy_Counting3,ctzy|ctzy_Counting3,poly,4.41,5.61,0.68,2.98,4.93,82.45,85.43,83.94,-2.980000000000004,0
ctzy,ctzy_Math,ctzy|ctzy_Math,poly,4.6,4.93,0.181,2.42,4.47,79.02,81.44,80.22999999999999,-2.4200000000000017,0
ctzy,ctzy_Reading,ctzy|ctzy_Reading,poly,1.99,2.17,0.838,-1.99,0.91,74.53,72.54,73.535,1.9899999999999949,0
ctzy,ctzy_Relax,ctzy|ctzy_Relax,poly,8.41,10.23,-0.552,5.89,8.47,69.82,75.7,72.75999999999999,-5.88000000000001,0
ctzy,ctzy_Speaking,ctzy|ctzy_Speaking,poly,7.52,7.64,0.505,-7.52,1.41,74.46,66.94,70.69999999999999,7.519999999999996,0
ctzy,ctzy_Stroop,ctzy|ctzy_Stroop,poly,2.57,2.97,0.965,1.22,2.82,84.3,85.51,84.905,-1.210000000000008,0
ctzy,ctzy_Video1,ctzy|ctzy_Video1,poly,5.76,6.67,0.438,5.1,4.34,68.49,73.58,71.035,-5.090000000000003,0
ctzy,ctzy_Video2,ctzy|ctzy_Video2,poly,3.26,3.93,0.118,1.23,3.79,69.62,70.85,70.235,-1.2299999999999898,0
cxj0,cxj0_Baseline,cxj0|cxj0_Baseline,poly,4.37,5.24,0.85,-4.12,3.37,82.87,78.75,80.81,4.1200000000000045,0
cxj0,cxj0_Breathing,cxj0|cxj0_Breathing,poly,8.09,9.58,-0.104,-2.85,9.23,86.09,83.24,84.66499999999999,2.8500000000000085,0
cxj0,cxj0_Counting1,cxj0|cxj0_Counting1,poly,5.83,6.98,0.95,-0.2,7.26,82.34,82.14,82.24000000000001,0.20000000000000284,0
cxj0,cxj0_Counting2,cxj0|cxj0_Counting2,poly,5.1,6.71,-0.715,-3.9,5.68,82.91,79.01,80.96000000000001,3.8999999999999915,0
cxj0,cxj0_Counting3,cxj0|cxj0_Counting3,poly,5.06,5.11,0.953,-5.06,0.71,84.97,79.91,82.44,5.060000000000002,0
cxj0,cxj0_Math,cxj0|cxj0_Math,poly,5.38,6.2,-0.741,-5.38,3.22,84.95,79.57,82.25999999999999,5.38000000000001,0
cxj0,cxj0_Reading,cxj0|cxj0_Reading,poly,4.93,6.35,0.338,-4.88,4.23,84.72,79.84,82.28,4.8799999999999955,0
cxj0,cxj0_Relax,cxj0|cxj0_Relax,poly,4.3,5.42,0.34,0.9,5.4,80.74,81.65,81.195,-0.9100000000000108,0
cxj0,cxj0_Speaking,cxj0|cxj0_Speaking,poly,6.86,7.43,-0.114,6.86,2.98,85.25,92.11,88.68,-6.859999999999999,0
cxj0,cxj0_Stroop,cxj0|cxj0_Stroop,poly,3.88,4.59,-0.518,-3.88,2.53,85.15,81.27,83.21000000000001,3.8800000000000097,0
cxj0,cxj0_Video1,cxj0|cxj0_Video1,poly,3.92,5.73,0.729,1.48,5.59,83.57,85.05,84.31,-1.480000000000004,0
cxj0,cxj0_Video2,cxj0|cxj0_Video2,poly,4.77,5.73,0.766,-3.88,4.28,82.69,78.8,80.745,3.8900000000000006,0
d4n6,d4n6_Baseline,d4n6|d4n6_Baseline,poly,8.79,9.08,0.471,-8.79,2.35,88.37,79.57,83.97,8.800000000000011,0
d4n6,d4n6_Breathing,d4n6|d4n6_Breathing,poly,8.63,10.41,-0.115,-8.63,5.89,89.24,80.61,84.925,8.629999999999995,0
d4n6,d4n6_Counting1,d4n6|d4n6_Counting1,poly,6.21,6.93,0.773,4.36,5.58,86.59,90.95,88.77000000000001,-4.359999999999999,0
d4n6,d4n6_Counting2,d4n6|d4n6_Counting2,poly,5.07,6.44,-0.581,-4.84,4.42,89.38,84.54,86.96000000000001,4.839999999999989,0
d4n6,d4n6_Counting3,d4n6|d4n6_Counting3,poly,14.52,14.62,-0.227,-14.52,1.77,86.21,71.69,78.94999999999999,14.519999999999996,1
d4n6,d4n6_Math,d4n6|d4n6_Math,poly,7.07,7.53,-0.568,-7.07,2.69,90.1,83.03,86.565,7.069999999999993,0
d4n6,d4n6_Reading,d4n6|d4n6_Reading,poly,6.98,7.8,-0.656,-6.98,3.62,91.09,84.11,87.6,6.980000000000004,0
d4n6,d4n6_Relax,d4n6|d4n6_Relax,poly,3.62,4.84,-0.527,-2.96,3.87,82.54,79.58,81.06,2.960000000000008,0
d4n6,d4n6_Speaking,d4n6|d4n6_Speaking,poly,7.74,8.02,-0.118,-7.74,2.2,87.06,79.32,83.19,7.740000000000009,0
d4n6,d4n6_Stroop,d4n6|d4n6_Stroop,poly,2.1,2.82,0.097,-1.67,2.37,84.19,82.52,83.35499999999999,1.6700000000000017,0
d4n6,d4n6_Video1,d4n6|d4n6_Video1,poly,3.33,3.93,0.602,-2.15,3.32,85.01,82.86,83.935,2.1500000000000057,0
d4n6,d4n6_Video2,d4n6|d4n6_Video2,poly,4.25,4.88,0.457,-4.25,2.43,84.35,80.09,82.22,4.259999999999991,0
e5p4,e5p4_Baseline,e5p4|e5p4_Baseline,poly,10.53,11.26,0.582,-10.53,4.16,94.25,83.73,88.99000000000001,10.519999999999996,1
e5p4,e5p4_Breathing,e5p4|e5p4_Breathing,poly,8.37,9.44,-0.018,-6.67,6.74,91.42,84.75,88.08500000000001,6.670000000000002,0
e5p4,e5p4_Counting1,e5p4|e5p4_Counting1,poly,3.11,3.51,0.986,-1.07,3.47,91.33,90.26,90.795,1.0699999999999932,0
e5p4,e5p4_Counting2,e5p4|e5p4_Counting2,poly,8.9,9.08,0.649,-8.9,1.86,92.44,83.54,87.99000000000001,8.899999999999991,0
e5p4,e5p4_Counting3,e5p4|e5p4_Counting3,poly,13.01,13.32,-0.738,-13.01,2.98,87.91,74.9,81.405,13.009999999999991,1
e5p4,e5p4_Math,e5p4|e5p4_Math,poly,8.42,11.01,-0.31,3.59,10.81,88.75,92.34,90.545,-3.5900000000000034,0
e5p4,e5p4_Reading,e5p4|e5p4_Reading,poly,6.1,6.41,-0.078,-6.1,2.05,90.19,84.09,87.14,6.099999999999994,0
e5p4,e5p4_Relax,e5p4|e5p4_Relax,poly,4.56,5.61,-0.432,-3.67,4.3,84.83,81.16,82.995,3.6700000000000017,0
e5p4,e5p4_Speaking,e5p4|e5p4_Speaking,poly,6.74,7.9,-0.489,-5.11,6.25,92.03,86.92,89.475,5.109999999999999,0
e5p4,e5p4_Stroop,e5p4|e5p4_Stroop,poly,5.28,6.49,-0.529,0.15,6.75,85.64,85.79,85.715,-0.15000000000000568,0
e5p4,e5p4_Video1,e5p4|e5p4_Video1,poly,2.52,3.25,0.11,-1.57,2.87,86.94,85.37,86.155,1.5699999999999932,0
e5p4,e5p4_Video2,e5p4|e5p4_Video2,poly,2.7,3.75,0.482,-2.5,2.84,87.5,85.01,86.255,2.489999999999995,0
f6q3,f6q3_Baseline,f6q3|f6q3_Baseline,poly,25.95,26.08,-0.815,25.95,2.69,58.59,84.54,71.565,-25.950000000000003,1
f6q3,f6q3_Breathing,f6q3|f6q3_Breathing,poly,12.54,13.43,-0.151,12.54,4.86,59.05,71.59,65.32,-12.540000000000006,1
f6q3,f6q3_Counting1,f6q3|f6q3_Counting1,poly,17.62,21.77,0.533,17.62,13.27,58.28,75.9,67.09,-17.620000000000005,1
f6q3,f6q3_Counting2,f6q3|f6q3_Counting2,poly,17.67,17.99,-0.25,17.67,3.52,58.42,76.09,67.255,-17.67,1
f6q3,f6q3_Counting3,f6q3|f6q3_Counting3,poly,10.47,10.54,-0.917,10.47,1.27,56.91,67.37,62.14,-10.460000000000008,1
f6q3,f6q3_Math,f6q3|f6q3_Math,poly,17.82,19.0,-0.277,17.82,6.82,58.31,76.13,67.22,-17.819999999999993,1
f6q3,f6q3_Reading,f6q3|f6q3_Reading,poly,19.92,21.02,0.372,19.92,6.98,57.41,77.32,67.365,-19.909999999999997,1
f6q3,f6q3_Relax,f6q3|f6q3_Relax,poly,17.17,17.49,0.039,17.17,3.38,57.79,74.96,66.375,-17.169999999999995,1
f6q3,f6q3_Speaking,f6q3|f6q3_Speaking,poly,12.77,13.2,0.652,12.77,3.5,58.92,71.69,65.305,-12.769999999999996,1
f6q3,f6q3_Stroop,f6q3|f6q3_Stroop,poly,20.11,20.75,-0.189,20.11,5.29,60.02,80.14,70.08,-20.119999999999997,1
f6q3,f6q3_Video1,f6q3|f6q3_Video1,poly,17.0,17.25,0.341,17.0,2.97,59.03,76.03,67.53,-17.0,1
f6q3,f6q3_Video2,f6q3|f6q3_Video2,poly,12.9,13.37,0.663,12.9,3.55,59.43,72.33,65.88,-12.899999999999999,1
g7r2,g7r2_Baseline,g7r2|g7r2_Baseline,poly,15.11,18.09,-0.561,10.51,15.28,75.0,85.51,80.255,-10.510000000000005,1
g7r2,g7r2_Breathing,g7r2|g7r2_Breathing,poly,5.5,7.31,0.165,-1.63,7.19,92.57,90.94,91.755,1.6299999999999955,0
g7r2,g7r2_Counting1,g7r2|g7r2_Counting1,poly,7.59,9.18,0.423,6.24,6.98,89.13,95.37,92.25,-6.240000000000009,0
g7r2,g7r2_Counting2,g7r2|g7r2_Counting2,poly,10.72,12.52,0.018,-10.66,6.81,100.68,90.01,95.345,10.670000000000002,1
g7r2,g7r2_Counting3,g7r2|g7r2_Counting3,poly,13.65,17.39,-0.682,-7.74,16.21,106.24,98.5,102.37,7.739999999999995,1
g7r2,g7r2_Math,g7r2|g7r2_Math,poly,9.63,11.52,0.894,-9.63,6.58,101.65,92.02,96.83500000000001,9.63000000000001,0
g7r2,g7r2_Reading,g7r2|g7r2_Reading,poly,18.49,22.12,-0.799,-16.14,15.7,108.44,92.3,100.37,16.14,1
g7r2,g7r2_Relax,g7r2|g7r2_Relax,poly,15.81,18.17,-0.359,-12.95,12.89,100.08,87.13,93.60499999999999,12.950000000000003,1
g7r2,g7r2_Speaking,g7r2|g7r2_Speaking,poly,8.84,10.07,-0.52,-5.7,8.62,105.51,99.81,102.66,5.700000000000003,0
g7r2,g7r2_Stroop,g7r2|g7r2_Stroop,poly,17.03,18.83,-0.201,-4.36,19.07,106.97,102.6,104.785,4.3700000000000045,1
g7r2,g7r2_Video1,g7r2|g7r2_Video1,poly,16.1,19.35,0.071,-3.28,19.26,78.75,75.48,77.11500000000001,3.269999999999996,1
g7r2,g7r2_Video2,g7r2|g7r2_Video2,poly,12.69,14.17,0.275,-12.69,6.4,97.87,85.18,91.525,12.689999999999998,1
g9j5,g9j5_Baseline,g9j5|g9j5_Baseline,poly,3.9,5.27,-0.064,3.4,4.2,89.66,93.06,91.36,-3.4000000000000057,0
g9j5,g9j5_Breathing,g9j5|g9j5_Breathing,poly,3.46,4.38,0.128,1.99,3.94,81.57,83.56,82.565,-1.990000000000009,0
g9j5,g9j5_Counting1,g9j5|g9j5_Counting1,poly,2.73,3.13,-0.395,-0.32,3.24,83.45,83.14,83.295,0.3100000000000023,0
g9j5,g9j5_Counting2,g9j5|g9j5_Counting2,poly,5.42,5.53,-0.092,-5.42,1.15,86.86,81.44,84.15,5.420000000000002,0
g9j5,g9j5_Counting3,g9j5|g9j5_Counting3,poly,10.54,11.85,-0.867,9.83,6.9,86.16,95.98,91.07,-9.820000000000007,1
g9j5,g9j5_Math,g9j5|g9j5_Math,poly,3.52,4.52,0.607,1.99,4.21,83.07,85.05,84.06,-1.980000000000004,0
g9j5,g9j5_Reading,g9j5|g9j5_Reading,poly,3.38,3.72,-0.132,0.73,3.79,85.14,85.87,85.505,-0.730000000000004,0
g9j5,g9j5_Relax,g9j5|g9j5_Relax,poly,4.84,5.76,0.806,4.84,3.15,81.3,86.14,83.72,-4.840000000000003,0
g9j5,g9j5_Speaking,g9j5|g9j5_Speaking,poly,1.58,1.99,0.601,-0.31,2.04,85.82,85.51,85.66499999999999,0.30999999999998806,0
g9j5,g9j5_Stroop,g9j5|g9j5_Stroop,poly,4.3,4.75,0.023,0.0,4.94,81.43,81.44,81.435,-0.009999999999990905,0
g9j5,g9j5_Video1,g9j5|g9j5_Video1,poly,4.19,5.33,-0.317,-0.61,5.35,82.94,82.33,82.63499999999999,0.6099999999999994,0
g9j5,g9j5_Video2,g9j5|g9j5_Video2,poly,4.35,5.48,0.061,0.32,5.55,82.7,83.01,82.855,-0.3100000000000023,0
h7j3,h7j3_Baseline,h7j3|h7j3_Baseline,poly,7.97,8.0,0.981,-7.97,0.74,66.83,58.86,62.845,7.969999999999999,0
h7j3,h7j3_Breathing,h7j3|h7j3_Breathing,poly,9.73,11.34,-0.253,9.61,6.06,65.57,75.18,70.375,-9.610000000000014,0
h7j3,h7j3_Counting1,h7j3|h7j3_Counting1,poly,10.21,10.39,0.533,10.21,2.01,62.55,72.76,67.655,-10.210000000000008,1
h7j3,h7j3_Counting2,h7j3|h7j3_Counting2,poly,3.59,3.87,0.373,3.59,1.49,63.45,67.04,65.245,-3.5900000000000034,0
h7j3,h7j3_Counting3,h7j3|h7j3_Counting3,poly,4.29,4.93,0.24,4.17,2.73,65.12,69.3,67.21000000000001,-4.179999999999993,0
h7j3,h7j3_Math,h7j3|h7j3_Math,poly,3.02,3.42,-0.746,-1.84,2.99,67.73,65.89,66.81,1.8400000000000034,0
h7j3,h7j3_Reading,h7j3|h7j3_Reading,poly,1.8,2.71,-0.891,1.44,2.39,74.21,75.65,74.93,-1.440000000000012,0
h7j3,h7j3_Speaking,h7j3|h7j3_Speaking,poly,4.91,5.93,-0.859,4.91,3.46,75.18,80.09,77.635,-4.909999999999997,0
h7j3,h7j3_Stroop,h7j3|h7j3_Stroop,poly,2.15,2.4,0.158,-2.15,1.1,63.81,61.66,62.735,2.1500000000000057,0
h7j3,h7j3_Video1,h7j3|h7j3_Video1,poly,7.04,8.7,-0.231,6.94,5.3,62.99,69.92,66.455,-6.93,0
h7j3,h7j3_Video2,h7j3|h7j3_Video2,poly,5.96,8.53,-0.053,5.9,6.26,61.38,67.28,64.33,-5.899999999999999,0
h8r2,h8r2_Counting1,h8r2|h8r2_Counting1,poly,5.98,8.53,-0.893,-5.58,6.69,80.97,75.39,78.18,5.579999999999998,0
h8r2,h8r2_Counting2,h8r2|h8r2_Counting2,poly,3.9,4.17,0.801,-3.9,1.55,78.67,74.77,76.72,3.9000000000000057,0
h8r2,h8r2_Counting3,h8r2|h8r2_Counting3,poly,3.62,3.91,0.77,3.53,1.75,78.1,81.63,79.865,-3.530000000000001,0
h8r2,h8r2_Math,h8r2|h8r2_Math,poly,5.87,6.04,0.856,-5.87,1.51,77.01,71.14,74.075,5.8700000000000045,0
h8r2,h8r2_Reading,h8r2|h8r2_Reading,poly,8.23,10.38,0.631,6.22,8.63,78.59,84.81,81.7,-6.219999999999999,0
h8r2,h8r2_Relax,h8r2|h8r2_Relax,poly,5.94,7.83,-0.147,5.92,5.2,73.47,79.38,76.425,-5.909999999999997,0
h8r2,h8r2_Speaking,h8r2|h8r2_Speaking,poly,2.71,3.4,0.765,2.34,2.56,76.66,79.01,77.83500000000001,-2.3500000000000085,0
h8r2,h8r2_Stroop,h8r2|h8r2_Stroop,poly,8.24,8.45,0.735,-8.24,1.94,82.43,74.19,78.31,8.240000000000009,0
h8r2,h8r2_Video1,h8r2|h8r2_Video1,poly,9.44,10.96,-0.384,8.53,6.95,72.25,80.78,76.515,-8.530000000000001,0
h8r2,h8r2_Video2,h8r2|h8r2_Video2,poly,6.09,8.74,-0.469,5.28,7.07,70.1,75.38,72.74,-5.280000000000001,0
h8s1,h8s1_Baseline,h8s1|h8s1_Baseline,poly,11.02,12.95,-0.47,-11.02,7.07,104.68,93.65,99.165,11.030000000000001,1
h8s1,h8s1_Breathing,h8s1|h8s1_Breathing,poly,4.4,5.49,-0.034,1.87,5.21,82.92,84.8,83.86,-1.8799999999999955,0
h8s1,h8s1_Counting1,h8s1|h8s1_Counting1,poly,31.84,32.26,-0.646,-31.84,5.39,114.44,82.6,98.52,31.840000000000003,1
h8s1,h8s1_Counting2,h8s1|h8s1_Counting2,poly,23.37,23.65,0.746,-23.37,3.71,109.17,85.8,97.485,23.370000000000005,1
h8s1,h8s1_Counting3,h8s1|h8s1_Counting3,poly,2.85,3.54,0.26,-1.59,3.28,89.23,87.64,88.435,1.5900000000000034,0
h8s1,h8s1_Math,h8s1|h8s1_Math,poly,9.34,10.14,0.158,-8.8,5.22,96.56,87.76,92.16,8.799999999999997,0
h8s1,h8s1_Reading,h8s1|h8s1_Reading,poly,5.09,5.19,0.935,-5.09,1.06,102.61,97.51,100.06,5.099999999999994,0
h8s1,h8s1_Relax,h8s1|h8s1_Relax,poly,2.54,2.95,0.592,-0.73,2.89,78.11,77.38,77.745,0.730000000000004,0
h8s1,h8s1_Speaking,h8s1|h8s1_Speaking,poly,7.8,9.05,0.367,-7.71,4.92,106.62,98.91,102.765,7.710000000000008,0
h8s1,h8s1_Stroop,h8s1|h8s1_Stroop,poly,13.2,14.27,-0.334,-13.2,5.64,97.29,84.09,90.69,13.200000000000003,1
h8s1,h8s1_Video1,h8s1|h8s1_Video1,poly,7.57,8.71,0.586,-7.1,5.11,83.65,76.55,80.1,7.1000000000000085,0
h8s1,h8s1_Video2,h8s1|h8s1_Video2,poly,2.09,2.49,0.872,0.93,2.34,73.9,74.83,74.36500000000001,-0.9299999999999926,0
i9t9,i9t9_Baseline,i9t9|i9t9_Baseline,poly,4.15,5.33,-0.303,-3.98,3.67,82.75,78.76,80.755,3.989999999999995,0
i9t9,i9t9_Breathing,i9t9|i9t9_Breathing,poly,3.4,5.35,0.739,2.3,4.88,81.16,83.46,82.31,-2.299999999999997,0
i9t9,i9t9_Counting1,i9t9|i9t9_Counting1,poly,1.18,1.45,0.109,-0.63,1.36,77.83,77.2,77.515,0.6299999999999955,0
i9t9,i9t9_Counting2,i9t9|i9t9_Counting2,poly,2.2,2.4,0.516,-2.2,1.0,78.65,76.45,77.55000000000001,2.200000000000003,0
i9t9,i9t9_Counting3,i9t9|i9t9_Counting3,poly,11.85,11.91,-0.191,-11.85,1.27,77.58,65.74,71.66,11.840000000000003,1
i9t9,i9t9_Math,i9t9|i9t9_Math,poly,4.48,6.67,-0.824,2.76,6.3,78.39,81.15,79.77000000000001,-2.760000000000005,0
i9t9,i9t9_Reading,i9t9|i9t9_Reading,poly,4.59,4.63,0.868,4.59,0.63,78.21,82.8,80.505,-4.590000000000003,0
i9t9,i9t9_Relax,i9t9|i9t9_Relax,poly,4.65,5.07,0.032,3.53,3.67,75.37,78.9,77.135,-3.530000000000001,0
i9t9,i9t9_Speaking,i9t9|i9t9_Speaking,poly,1.62,1.96,0.584,1.43,1.4,76.84,78.27,77.555,-1.4299999999999926,0
i9t9,i9t9_Stroop,i9t9|i9t9_Stroop,poly,1.87,2.22,-0.311,-1.87,1.25,76.89,75.02,75.955,1.8700000000000045,0
i9t9,i9t9_Video1,i9t9|i9t9_Video1,poly,5.0,5.76,0.0,0.85,5.76,79.57,80.43,80.0,-0.8600000000000136,0
i9t9,i9t9_Video2,i9t9|i9t9_Video2,poly,2.63,3.08,-0.412,-0.68,3.05,77.85,77.17,77.50999999999999,0.6799999999999926,0
iqyg,iqyg_Baseline,iqyg|iqyg_Baseline,poly,3.32,3.9,0.65,1.41,3.77,95.6,97.01,96.305,-1.4100000000000108,0
iqyg,iqyg_Breathing,iqyg|iqyg_Breathing,poly,7.69,8.98,-0.414,6.44,6.33,78.08,84.52,81.3,-6.439999999999998,0
iqyg,iqyg_Counting1,iqyg|iqyg_Counting1,poly,8.41,8.83,-0.16,-8.41,2.79,94.09,85.67,89.88,8.420000000000002,0
iqyg,iqyg_Counting2,iqyg|iqyg_Counting2,poly,4.89,5.32,0.107,-4.89,2.19,89.99,85.1,87.54499999999999,4.890000000000001,0
iqyg,iqyg_Counting3,iqyg|iqyg_Counting3,poly,1.98,2.44,-0.144,1.19,2.21,88.33,89.52,88.925,-1.1899999999999977,0
iqyg,iqyg_Math,iqyg|iqyg_Math,poly,5.08,6.02,-0.828,-4.3,4.37,88.29,83.99,86.14,4.300000000000011,0
iqyg,iqyg_Reading,iqyg|iqyg_Reading,poly,12.22,12.25,0.973,-12.22,0.92,100.63,88.41,94.52,12.219999999999999,1
iqyg,iqyg_Relax,iqyg|iqyg_Relax,poly,6.32,8.87,-0.477,6.14,6.47,73.17,79.31,76.24000000000001,-6.140000000000001,0
iqyg,iqyg_Speaking,iqyg|iqyg_Speaking,poly,2.55,2.77,0.917,-0.86,2.73,94.83,93.98,94.405,0.8499999999999943,0
iqyg,iqyg_Stroop,iqyg|iqyg_Stroop,poly,3.26,4.59,-0.356,-2.26,4.14,82.16,79.9,81.03,2.259999999999991,0
iqyg,iqyg_Video1,iqyg|iqyg_Video1,poly,8.58,11.39,-0.499,6.61,9.36,76.34,82.95,79.64500000000001,-6.609999999999999,0
iqyg,iqyg_Video2,iqyg|iqyg_Video2,poly,6.54,8.71,0.087,5.96,6.45,76.38,82.33,79.35499999999999,-5.950000000000003,0
j9h8,j9h8_Baseline,j9h8|j9h8_Baseline,poly,2.72,3.07,0.395,-0.81,3.07,76.9,76.08,76.49000000000001,0.8200000000000074,0
j9h8,j9h8_Breathing,j9h8|j9h8_Breathing,poly,11.69,13.55,0.069,11.69,6.91,69.84,81.53,75.685,-11.689999999999998,1
j9h8,j9h8_Counting1,j9h8|j9h8_Counting1,poly,5.69,5.86,0.957,5.69,1.49,75.82,81.5,78.66,-5.680000000000007,0
j9h8,j9h8_Counting2,j9h8|j9h8_Counting2,poly,8.08,8.73,-0.376,-8.08,3.41,74.73,66.64,70.685,8.090000000000003,0
j9h8,j9h8_Counting3,j9h8|j9h8_Counting3,poly,5.65,6.62,-0.612,-2.37,6.41,72.62,70.24,71.43,2.3800000000000097,0
j9h8,j9h8_Math,j9h8|j9h8_Math,poly,6.66,10.32,-0.913,6.24,8.53,74.08,80.33,77.205,-6.25,0
j9h8,j9h8_Reading,j9h8|j9h8_Reading,poly,6.84,6.88,0.946,6.84,0.77,72.86,79.7,76.28,-6.840000000000003,0
j9h8,j9h8_Relax,j9h8|j9h8_Relax,poly,10.14,12.1,-0.323,10.14,6.66,66.84,76.98,71.91,-10.14,1
j9h8,j9h8_Speaking,j9h8|j9h8_Speaking,poly,2.19,2.82,0.937,1.92,2.14,76.01,77.94,76.975,-1.9299999999999926,0
j9h8,j9h8_Stroop,j9h8|j9h8_Stroop,poly,3.07,3.92,0.599,3.07,2.53,71.38,74.45,72.91499999999999,-3.0700000000000074,0
j9h8,j9h8_Video1,j9h8|j9h8_Video1,poly,5.77,7.51,0.095,5.66,4.99,74.97,80.63,77.8,-5.659999999999997,0
j9h8,j9h8_Video2,j9h8|j9h8_Video2,poly,9.38,9.68,-0.313,9.38,2.44,67.53,76.91,72.22,-9.379999999999995,0
k2v7,k2v7_Baseline,k2v7|k2v7_Baseline,poly,13.46,14.42,-0.945,13.46,5.37,68.31,81.78,75.045,-13.469999999999999,1
k2v7,k2v7_Breathing,k2v7|k2v7_Breathing,poly,16.82,18.56,-0.214,16.82,7.92,70.59,87.41,79.0,-16.819999999999993,1
k2v7,k2v7_Counting1,k2v7|k2v7_Counting1,poly,0.95,1.18,0.879,0.16,1.21,71.13,71.29,71.21000000000001,-0.1600000000000108,0
k2v7,k2v7_Counting2,k2v7|k2v7_Counting2,poly,7.44,9.28,0.726,7.43,5.79,72.44,79.87,76.155,-7.430000000000007,0
k2v7,k2v7_Counting3,k2v7|k2v7_Counting3,poly,8.32,8.85,0.859,8.32,3.14,73.01,81.33,77.17,-8.319999999999993,0
k2v7,k2v7_Math,k2v7|k2v7_Math,poly,2.02,2.73,-0.813,0.86,2.69,67.35,68.21,67.78,-0.8599999999999994,0
k2v7,k2v7_Reading,k2v7|k2v7_Reading,poly,3.1,3.23,0.883,1.21,3.11,70.98,72.2,71.59,-1.2199999999999989,0
k2v7,k2v7_Relax,k2v7|k2v7_Relax,poly,8.58,9.77,0.34,6.9,7.01,73.9,80.8,77.35,-6.8999999999999915,0
k2v7,k2v7_Speaking,k2v7|k2v7_Speaking,poly,4.17,5.82,0.063,3.78,4.59,78.7,82.48,80.59,-3.780000000000001,0
k2v7,k2v7_Stroop,k2v7|k2v7_Stroop,poly,7.85,8.15,0.426,7.85,2.27,70.95,78.8,74.875,-7.849999999999994,0
k2v7,k2v7_Video1,k2v7|k2v7_Video1,poly,13.07,15.36,0.273,12.98,8.28,70.78,83.76,77.27000000000001,-12.980000000000004,1
k2v7,k2v7_Video2,k2v7|k2v7_Video2,poly,5.52,6.41,0.167,5.28,3.7,72.14,77.42,74.78,-5.280000000000001,0
k67g,k67g_Counting1,k67g|k67g_Counting1,poly,12.54,12.99,-0.268,-12.54,3.51,93.67,81.13,87.4,12.540000000000006,1
k67g,k67g_Counting2,k67g|k67g_Counting2,poly,9.37,10.49,0.88,-9.37,4.9,90.33,80.96,85.645,9.370000000000005,0
k67g,k67g_Counting3,k67g|k67g_Counting3,poly,6.33,8.14,-0.166,5.9,5.82,95.1,101.0,98.05,-5.900000000000006,0
k67g,k67g_Math,k67g|k67g_Math,poly,3.85,5.12,0.148,-3.16,4.19,90.49,87.34,88.91499999999999,3.1499999999999915,0
k67g,k67g_Reading,k67g|k67g_Reading,poly,18.3,22.03,-0.587,-17.43,13.99,101.72,84.29,93.005,17.429999999999993,1
k67g,k67g_Relax,k67g|k67g_Relax,poly,5.88,6.87,-0.254,0.25,6.95,82.32,82.57,82.445,-0.25,0
k67g,k67g_Speaking,k67g|k67g_Speaking,poly,9.24,10.97,-0.563,-9.24,6.14,96.39,87.15,91.77000000000001,9.239999999999995,0
k67g,k67g_Stroop,k67g|k67g_Stroop,poly,12.02,12.35,0.987,-12.02,2.95,92.84,80.83,86.83500000000001,12.010000000000005,1
k67g,k67g_Video2,k67g|k67g_Video2,poly,3.79,4.52,0.327,-3.75,2.56,83.74,79.99,81.865,3.75,0
kkf5,kkf5_Baseline,kkf5|kkf5_Baseline,poly,11.13,11.98,-0.846,-11.13,4.62,84.33,73.2,78.765,11.129999999999995,1
kkf5,kkf5_Breathing,kkf5|kkf5_Breathing,poly,8.68,9.52,-0.051,8.68,3.93,77.45,86.13,81.78999999999999,-8.679999999999993,0
kkf5,kkf5_Counting1,kkf5|kkf5_Counting1,poly,6.79,7.46,0.882,-4.8,5.93,86.76,81.96,84.36,4.800000000000011,0
kkf5,kkf5_Counting2,kkf5|kkf5_Counting2,poly,9.9,10.31,-0.87,9.9,3.02,87.45,97.35,92.4,-9.899999999999991,0
kkf5,kkf5_Counting3,kkf5|kkf5_Counting3,poly,8.76,8.92,-0.843,-8.76,1.75,82.04,73.28,77.66,8.760000000000005,0
kkf5,kkf5_Math,kkf5|kkf5_Math,poly,4.92,7.05,-0.889,-3.85,6.13,84.03,80.19,82.11,3.8400000000000034,0
kkf5,kkf5_Reading,kkf5|kkf5_Reading,poly,5.17,5.59,-0.4,2.48,5.21,86.06,88.54,87.30000000000001,-2.480000000000004,0
kkf5,kkf5_Relax,kkf5|kkf5_Relax,poly,10.08,12.1,0.332,10.08,6.76,75.87,85.95,80.91,-10.079999999999998,1
kkf5,kkf5_Speaking,kkf5|kkf5_Speaking,poly,11.21,11.28,0.934,-11.21,1.32,86.87,75.65,81.26,11.219999999999999,1
kkf5,kkf5_Stroop,kkf5|kkf5_Stroop,poly,3.61,4.22,-0.848,2.45,3.57,80.57,83.02,81.79499999999999,-2.450000000000003,0
kkf5,kkf5_Video1,kkf5|kkf5_Video1,poly,6.61,7.23,0.847,6.61,2.96,78.83,85.44,82.13499999999999,-6.609999999999999,0
kkf5,kkf5_Video2,kkf5|kkf5_Video2,poly,3.46,3.85,0.712,1.11,3.75,80.17,81.27,80.72,-1.0999999999999943,0
kycf,kycf_Baseline,kycf|kycf_Baseline,poly,1.75,2.22,0.059,0.54,2.23,72.69,73.23,72.96000000000001,-0.5400000000000063,0
kycf,kycf_Breathing,kycf|kycf_Breathing,poly,5.47,6.39,0.534,5.41,3.44,66.35,71.75,69.05,-5.400000000000006,0
kycf,kycf_Counting1,kycf|kycf_Counting1,poly,7.96,11.66,-0.243,7.4,9.35,79.33,86.73,83.03,-7.400000000000006,0
kycf,kycf_Counting2,kycf|kycf_Counting2,poly,5.44,5.5,0.967,-5.44,0.8,73.01,67.57,70.28999999999999,5.440000000000012,0
kycf,kycf_Counting3,kycf|kycf_Counting3,poly,5.32,6.01,-0.548,1.7,5.99,71.32,73.02,72.16999999999999,-1.7000000000000028,0
kycf,kycf_Math,kycf|kycf_Math,poly,2.38,2.6,0.244,-0.28,2.69,79.41,79.14,79.275,0.269999999999996,0
kycf,kycf_Reading,kycf|kycf_Reading,poly,4.75,5.56,-0.227,-4.7,3.09,73.01,68.31,70.66,4.700000000000003,0
kycf,kycf_Relax,kycf|kycf_Relax,poly,7.64,8.49,-0.026,7.31,4.36,64.72,72.03,68.375,-7.310000000000002,0
kycf,kycf_Speaking,kycf|kycf_Speaking,poly,6.62,8.09,-0.322,5.46,6.21,74.38,79.84,77.11,-5.460000000000008,0
kycf,kycf_Stroop,kycf|kycf_Stroop,poly,5.31,5.6,0.757,-5.31,1.86,76.2,70.89,73.545,5.310000000000002,0
kycf,kycf_Video1,kycf|kycf_Video1,poly,3.93,4.13,0.55,3.44,2.3,64.51,67.95,66.23,-3.4399999999999977,0
kycf,kycf_Video2,kycf|kycf_Video2,poly,5.52,8.67,-0.287,3.3,8.15,65.7,69.0,67.35,-3.299999999999997,0
m8g5,m8g5_Baseline,m8g5|m8g5_Baseline,poly,1.43,1.56,0.185,-0.09,1.61,87.24,87.15,87.195,0.0899999999999892,0
m8g5,m8g5_Breathing,m8g5|m8g5_Breathing,poly,8.92,9.19,0.779,8.92,2.25,81.55,90.47,86.00999999999999,-8.920000000000002,0
m8g5,m8g5_Counting1,m8g5|m8g5_Counting1,poly,14.49,14.65,0.393,-14.49,2.22,96.58,82.09,89.33500000000001,14.489999999999995,1
m8g5,m8g5_Counting2,m8g5|m8g5_Counting2,poly,4.12,4.71,-0.296,1.88,4.5,87.85,89.73,88.78999999999999,-1.8800000000000097,0
m8g5,m8g5_Counting3,m8g5|m8g5_Counting3,poly,3.11,3.7,0.128,-2.98,2.29,88.8,85.82,87.31,2.980000000000004,0
m8g5,m8g5_Math,m8g5|m8g5_Math,poly,4.85,5.7,0.458,-2.36,5.39,93.62,91.25,92.435,2.3700000000000045,0
m8g5,m8g5_Reading,m8g5|m8g5_Reading,poly,7.4,8.75,0.706,-7.31,4.99,87.66,80.35,84.005,7.310000000000002,0
m8g5,m8g5_Relax,m8g5|m8g5_Relax,poly,4.5,5.56,-0.367,0.1,5.63,79.21,79.31,79.25999999999999,-0.10000000000000853,0
m8g5,m8g5_Speaking,m8g5|m8g5_Speaking,poly,3.77,4.05,0.671,-1.11,4.04,92.59,91.47,92.03,1.1200000000000045,0
m8g5,m8g5_Stroop,m8g5|m8g5_Stroop,poly,8.12,9.75,-0.961,-7.82,6.05,88.76,80.94,84.85,7.820000000000007,0
m8g5,m8g5_Video1,m8g5|m8g5_Video1,poly,2.56,3.26,0.239,1.41,2.97,79.0,80.41,79.705,-1.4099999999999966,0
m8g5,m8g5_Video2,m8g5|m8g5_Video2,poly,5.97,6.63,0.525,5.93,3.02,78.92,84.85,81.88499999999999,-5.929999999999993,0
p9i3,p9i3_Baseline,p9i3|p9i3_Baseline,poly,3.05,4.0,-0.223,-2.92,2.83,81.33,78.4,79.86500000000001,2.9299999999999926,0
p9i3,p9i3_Breathing,p9i3|p9i3_Breathing,poly,8.13,8.95,-0.162,8.13,3.78,69.26,77.39,73.325,-8.129999999999995,0
p9i3,p9i3_Counting1,p9i3|p9i3_Counting1,poly,9.73,9.94,0.3,9.73,2.09,70.39,80.12,75.255,-9.730000000000004,0
p9i3,p9i3_Counting2,p9i3|p9i3_Counting2,poly,5.19,5.38,0.881,5.19,1.49,73.86,79.05,76.455,-5.189999999999998,0
p9i3,p9i3_Counting3,p9i3|p9i3_Counting3,poly,1.87,2.31,0.561,0.98,2.18,77.63,78.6,78.115,-0.9699999999999989,0
p9i3,p9i3_Math,p9i3|p9i3_Math,poly,11.04,14.14,-0.847,11.04,9.17,71.78,82.81,77.295,-11.030000000000001,1
p9i3,p9i3_Reading,p9i3|p9i3_Reading,poly,4.17,6.16,-0.801,3.69,5.11,76.04,79.74,77.89,-3.6999999999999886,0
p9i3,p9i3_Relax,p9i3|p9i3_Relax,poly,5.41,6.47,0.191,5.12,4.0,71.86,76.98,74.42,-5.1200000000000045,0
p9i3,p9i3_Speaking,p9i3|p9i3_Speaking,poly,4.91,5.59,0.614,-4.91,2.76,74.69,69.78,72.235,4.909999999999997,0
p9i3,p9i3_Stroop,p9i3|p9i3_Stroop,poly,6.19,6.25,0.629,6.19,0.87,71.36,77.55,74.455,-6.189999999999998,0
p9i3,p9i3_Video1,p9i3|p9i3_Video1,poly,9.53,11.26,-0.218,9.52,6.08,67.37,76.89,72.13,-9.519999999999996,0
p9i3,p9i3_Video2,p9i3|p9i3_Video2,poly,5.3,5.59,0.406,5.28,1.86,67.5,72.78,70.14,-5.280000000000001,0
qw5t,qw5t_Baseline,qw5t|qw5t_Baseline,poly,4.99,5.59,0.63,-0.53,5.78,76.51,75.98,76.245,0.5300000000000011,0
qw5t,qw5t_Breathing,qw5t|qw5t_Breathing,poly,8.75,10.5,-0.352,7.63,7.28,72.5,80.13,76.315,-7.6299999999999955,0
qw5t,qw5t_Counting1,qw5t|qw5t_Counting1,poly,5.59,6.57,-0.421,-5.07,4.35,88.27,83.2,85.735,5.069999999999993,0
qw5t,qw5t_Counting2,qw5t|qw5t_Counting2,poly,4.32,5.23,-0.351,0.32,5.44,85.8,86.11,85.955,-0.3100000000000023,0
qw5t,qw5t_Counting3,qw5t|qw5t_Counting3,poly,1.57,1.92,0.262,-1.15,1.59,79.31,78.15,78.73,1.1599999999999966,0
qw5t,qw5t_Math,qw5t|qw5t_Math,poly,7.02,7.31,0.384,7.02,2.13,79.87,86.89,83.38,-7.019999999999996,0
qw5t,qw5t_Reading,qw5t|qw5t_Reading,poly,3.5,4.39,-0.589,-0.18,4.55,78.73,78.55,78.64,0.18000000000000682,0
qw5t,qw5t_Relax,qw5t|qw5t_Relax,poly,7.56,8.31,-0.117,7.3,4.0,73.75,81.06,77.405,-7.310000000000002,0
qw5t,qw5t_Speaking,qw5t|qw5t_Speaking,poly,1.39,1.98,0.376,0.67,1.93,79.82,80.49,80.155,-0.6700000000000017,0
qw5t,qw5t_Stroop,qw5t|qw5t_Stroop,poly,6.32,7.42,-0.767,3.6,6.75,83.58,87.18,85.38,-3.6000000000000085,0
qw5t,qw5t_Video1,qw5t|qw5t_Video1,poly,4.47,5.54,0.115,0.41,5.58,69.47,69.87,69.67,-0.4000000000000057,0
qw5t,qw5t_Video2,qw5t|qw5t_Video2,poly,4.76,5.63,-0.048,0.55,5.69,74.5,75.05,74.775,-0.5499999999999972,0
r3zm,r3zm_Baseline,r3zm|r3zm_Baseline,poly,2.0,2.18,0.926,-0.66,2.16,83.69,83.03,83.36,0.6599999999999966,0
r3zm,r3zm_Breathing,r3zm|r3zm_Breathing,poly,7.65,8.75,0.57,-0.32,8.83,90.93,90.61,90.77000000000001,0.3200000000000074,0
r3zm,r3zm_Counting1,r3zm|r3zm_Counting1,poly,16.03,18.12,0.899,-16.03,8.79,91.28,75.25,83.265,16.03,1
r3zm,r3zm_Counting2,r3zm|r3zm_Counting2,poly,7.53,9.51,-0.749,-6.22,7.49,95.44,89.22,92.33,6.219999999999999,0
r3zm,r3zm_Counting3,r3zm|r3zm_Counting3,poly,17.16,18.49,-0.668,-17.16,7.17,108.1,90.95,99.525,17.14999999999999,1
r3zm,r3zm_Math,r3zm|r3zm_Math,poly,10.64,11.96,-0.929,2.68,12.13,94.7,97.38,96.03999999999999,-2.6799999999999926,1
r3zm,r3zm_Reading,r3zm|r3zm_Reading,poly,4.4,5.41,0.803,-4.4,3.27,93.64,89.24,91.44,4.400000000000006,0
r3zm,r3zm_Relax,r3zm|r3zm_Relax,poly,2.78,3.43,0.374,1.65,3.04,76.99,78.64,77.815,-1.6500000000000057,0
r3zm,r3zm_Speaking,r3zm|r3zm_Speaking,poly,20.6,20.63,0.925,-20.6,1.15,101.67,81.07,91.37,20.60000000000001,1
r3zm,r3zm_Stroop,r3zm|r3zm_Stroop,poly,6.52,7.71,-0.921,-2.49,7.57,86.74,84.25,85.495,2.489999999999995,0
r3zm,r3zm_Video1,r3zm|r3zm_Video1,poly,3.08,4.18,0.129,-2.58,3.32,82.49,79.92,81.205,2.569999999999993,0
r3zm,r3zm_Video2,r3zm|r3zm_Video2,poly,4.37,4.59,0.483,-4.37,1.45,81.97,77.61,79.78999999999999,4.359999999999999,0
r5s8,r5s8_Baseline,r5s8|r5s8_Baseline,poly,3.53,4.1,-0.626,0.77,4.18,71.81,72.57,72.19,-0.7599999999999909,0
r5s8,r5s8_Breathing,r5s8|r5s8_Breathing,poly,7.52,9.36,0.567,7.52,5.62,63.91,71.43,67.67,-7.52000000000001,0
r5s8,r5s8_Counting1,r5s8|r5s8_Counting1,poly,3.07,4.35,-0.65,2.96,3.31,72.65,75.61,74.13,-2.9599999999999937,0
r5s8,r5s8_Counting2,r5s8|r5s8_Counting2,poly,2.55,3.02,0.931,2.55,1.68,78.96,81.51,80.235,-2.5500000000000114,0
r5s8,r5s8_Counting3,r5s8|r5s8_Counting3,poly,5.5,6.64,0.505,0.07,6.89,70.29,70.37,70.33000000000001,-0.0799999999999983,0
r5s8,r5s8_Math,r5s8|r5s8_Math,poly,3.13,3.33,0.928,-2.31,2.49,71.5,69.19,70.345,2.3100000000000023,0
r5s8,r5s8_Reading,r5s8|r5s8_Reading,poly,4.9,5.45,-0.338,-0.94,5.57,73.69,72.74,73.215,0.9500000000000028,0
r5s8,r5s8_Relax,r5s8|r5s8_Relax,poly,3.66,4.38,0.435,3.56,2.57,61.98,65.54,63.760000000000005,-3.5600000000000094,0
r5s8,r5s8_Speaking,r5s8|r5s8_Speaking,poly,3.03,3.25,-0.343,-2.88,1.58,72.74,69.87,71.305,2.8699999999999903,0
r5s8,r5s8_Stroop,r5s8|r5s8_Stroop,poly,7.41,7.68,0.571,-7.41,2.09,81.43,74.01,77.72,7.420000000000002,0
r5s8,r5s8_Video1,r5s8|r5s8_Video1,poly,3.75,4.63,-0.535,2.95,3.6,66.65,69.61,68.13,-2.9599999999999937,0
r5s8,r5s8_Video2,r5s8|r5s8_Video2,poly,3.28,3.53,-0.544,2.23,2.78,63.36,65.59,64.475,-2.230000000000004,0
t6v9,t6v9_Baseline,t6v9|t6v9_Baseline,poly,1.91,2.28,0.416,1.91,1.29,60.02,61.93,60.975,-1.9099999999999966,0
t6v9,t6v9_Breathing,t6v9|t6v9_Breathing,poly,5.79,6.21,0.719,5.79,2.27,58.59,64.38,61.485,-5.789999999999992,0
t6v9,t6v9_Counting1,t6v9|t6v9_Counting1,poly,1.15,1.37,0.912,0.86,1.11,65.44,66.29,65.86500000000001,-0.8500000000000085,0
t6v9,t6v9_Counting2,t6v9|t6v9_Counting2,poly,2.27,2.55,-0.719,0.63,2.57,58.55,59.18,58.864999999999995,-0.6300000000000026,0
t6v9,t6v9_Counting3,t6v9|t6v9_Counting3,poly,3.42,3.66,-0.309,3.42,1.35,61.56,64.97,63.265,-3.4099999999999966,0
t6v9,t6v9_Math,t6v9|t6v9_Math,poly,1.27,1.48,0.681,1.23,0.85,56.58,57.81,57.195,-1.230000000000004,0
t6v9,t6v9_Reading,t6v9|t6v9_Reading,poly,1.27,2.03,-0.443,1.25,1.66,61.2,62.45,61.825,-1.25,0
t6v9,t6v9_Relax,t6v9|t6v9_Relax,poly,5.5,6.48,-0.637,4.12,5.06,60.07,64.19,62.129999999999995,-4.119999999999997,0
t6v9,t6v9_Speaking,t6v9|t6v9_Speaking,poly,2.67,3.25,-0.742,-0.82,3.26,59.65,58.83,59.239999999999995,0.8200000000000003,0
t6v9,t6v9_Stroop,t6v9|t6v9_Stroop,poly,3.96,4.14,0.683,3.96,1.27,56.18,60.14,58.16,-3.960000000000001,0
t6v9,t6v9_Video1,t6v9|t6v9_Video1,poly,10.32,10.66,0.82,10.32,2.7,55.71,66.03,60.870000000000005,-10.32,1
t6v9,t6v9_Video2,t6v9|t6v9_Video2,poly,3.16,4.03,0.622,2.58,3.14,58.18,60.77,59.475,-2.5900000000000034,0
tmvd,tmvd_Baseline,tmvd|tmvd_Baseline,poly,4.14,4.83,-0.926,4.09,2.68,83.38,87.47,85.425,-4.090000000000003,0
tmvd,tmvd_Breathing,tmvd|tmvd_Breathing,poly,5.18,6.37,-0.174,2.47,5.93,80.98,83.45,82.215,-2.469999999999999,0
tmvd,tmvd_Counting1,tmvd|tmvd_Counting1,poly,2.11,2.37,0.554,-0.59,2.39,81.93,81.34,81.635,0.5900000000000034,0
tmvd,tmvd_Counting2,tmvd|tmvd_Counting2,poly,3.11,3.55,-0.384,1.73,3.23,82.83,84.56,83.695,-1.730000000000004,0
tmvd,tmvd_Counting3,tmvd|tmvd_Counting3,poly,4.11,5.18,-0.619,-2.14,4.9,83.46,81.32,82.38999999999999,2.1400000000000006,0
tmvd,tmvd_Math,tmvd|tmvd_Math,poly,2.38,2.6,0.459,-2.38,1.08,83.46,81.07,82.26499999999999,2.3900000000000006,0
tmvd,tmvd_Reading,tmvd|tmvd_Reading,poly,7.17,7.96,-0.502,7.17,3.57,87.84,95.01,91.42500000000001,-7.170000000000002,0
tmvd,tmvd_Relax,tmvd|tmvd_Relax,poly,4.85,5.27,-0.672,1.21,5.19,79.67,80.88,80.275,-1.2099999999999937,0
tmvd,tmvd_Speaking,tmvd|tmvd_Speaking,poly,4.35,6.04,-0.219,4.0,4.71,82.8,86.8,84.8,-4.0,0
tmvd,tmvd_Stroop,tmvd|tmvd_Stroop,poly,4.6,6.69,0.919,2.07,6.6,83.2,85.27,84.235,-2.069999999999993,0
tmvd,tmvd_Video1,tmvd|tmvd_Video1,poly,2.54,3.41,0.15,-2.04,2.76,79.91,77.87,78.89,2.039999999999992,0
tmvd,tmvd_Video2,tmvd|tmvd_Video2,poly,8.54,9.7,0.225,-8.54,4.66,76.63,68.09,72.36,8.539999999999992,0
uymz,uymz_Baseline,uymz|uymz_Baseline,poly,4.88,5.51,-0.628,3.42,4.49,79.85,83.27,81.56,-3.4200000000000017,0
uymz,uymz_Breathing,uymz|uymz_Breathing,poly,3.31,4.34,0.15,2.28,3.72,72.47,74.75,73.61,-2.280000000000001,0
uymz,uymz_Counting1,uymz|uymz_Counting1,poly,5.3,5.99,-0.845,0.02,6.24,75.38,75.41,75.395,-0.030000000000001137,0
uymz,uymz_Counting2,uymz|uymz_Counting2,poly,2.1,2.36,-0.656,-0.41,2.42,76.69,76.27,76.47999999999999,0.4200000000000017,0
uymz,uymz_Counting3,uymz|uymz_Counting3,poly,3.93,5.21,-0.688,-2.56,4.71,78.65,76.09,77.37,2.5600000000000023,0
uymz,uymz_Math,uymz|uymz_Math,poly,2.1,2.34,0.054,2.1,1.07,75.03,77.13,76.08,-2.0999999999999943,0
uymz,uymz_Reading,uymz|uymz_Reading,poly,3.25,4.63,0.409,3.12,3.56,75.9,79.02,77.46000000000001,-3.1199999999999903,0
uymz,uymz_Relax,uymz|uymz_Relax,poly,5.98,6.87,-0.387,4.95,4.82,67.87,72.82,70.345,-4.949999999999989,0
uymz,uymz_Speaking,uymz|uymz_Speaking,poly,7.14,8.92,-0.608,-6.82,5.96,83.06,76.24,79.65,6.820000000000007,0
uymz,uymz_Stroop,uymz|uymz_Stroop,poly,4.2,4.9,0.817,-4.2,2.62,75.97,71.78,73.875,4.189999999999998,0
uymz,uymz_Video1,uymz|uymz_Video1,poly,3.19,3.62,-0.132,-1.83,3.15,68.86,67.03,67.945,1.8299999999999983,0
uymz,uymz_Video2,uymz|uymz_Video2,poly,5.01,6.36,-0.473,-3.28,5.53,69.74,66.46,68.1,3.280000000000001,0
v8mh,v8mh_Baseline,v8mh|v8mh_Baseline,poly,2.96,3.51,-0.508,-2.52,2.54,79.41,76.9,78.155,2.509999999999991,0
v8mh,v8mh_Breathing,v8mh|v8mh_Breathing,poly,3.84,5.02,0.819,1.19,4.92,76.46,77.65,77.055,-1.190000000000012,0
v8mh,v8mh_Counting1,v8mh|v8mh_Counting1,poly,15.36,18.11,-0.575,-14.74,10.96,104.92,90.19,97.555,14.730000000000004,1
v8mh,v8mh_Counting2,v8mh|v8mh_Counting2,poly,9.82,13.21,0.137,-9.82,9.2,98.39,88.57,93.47999999999999,9.820000000000007,0
v8mh,v8mh_Counting3,v8mh|v8mh_Counting3,poly,4.73,5.17,0.165,2.0,4.95,88.41,90.41,89.41,-2.0,0
v8mh,v8mh_Math,v8mh|v8mh_Math,poly,6.25,6.9,-0.501,-5.94,3.67,87.06,81.13,84.095,5.930000000000007,0
v8mh,v8mh_Reading,v8mh|v8mh_Reading,poly,7.02,7.99,0.79,-7.02,3.97,106.04,99.02,102.53,7.02000000000001,0
v8mh,v8mh_Relax,v8mh|v8mh_Relax,poly,5.11,5.81,0.286,5.11,2.8,73.16,78.27,75.715,-5.109999999999999,0
v8mh,v8mh_Speaking,v8mh|v8mh_Speaking,poly,3.05,3.25,0.932,-3.05,1.16,83.5,80.44,81.97,3.0600000000000023,0
v8mh,v8mh_Stroop,v8mh|v8mh_Stroop,poly,0.99,1.48,0.823,-0.27,1.51,79.04,78.77,78.905,0.27000000000001023,0
v8mh,v8mh_Video1,v8mh|v8mh_Video1,poly,7.16,8.25,0.042,7.07,4.29,72.13,79.2,75.66499999999999,-7.070000000000007,0
v8mh,v8mh_Video2,v8mh|v8mh_Video2,poly,14.61,15.05,0.334,14.61,3.66,70.19,84.8,77.495,-14.61,1
w2t5,w2t5_Baseline,w2t5|w2t5_Baseline,poly,3.82,4.73,0.069,2.73,4.0,80.12,82.86,81.49000000000001,-2.739999999999995,0
w2t5,w2t5_Breathing,w2t5|w2t5_Breathing,poly,15.3,17.45,0.635,15.3,8.45,64.57,79.87,72.22,-15.300000000000011,1
w2t5,w2t5_Counting1,w2t5|w2t5_Counting1,poly,8.54,9.47,-0.735,-4.62,8.58,94.05,89.43,91.74000000000001,4.61999999999999,0
w2t5,w2t5_Counting2,w2t5|w2t5_Counting2,poly,4.1,4.96,0.12,4.1,2.9,82.91,87.01,84.96000000000001,-4.1000000000000085,0
w2t5,w2t5_Counting3,w2t5|w2t5_Counting3,poly,3.23,3.56,0.903,3.23,1.56,85.97,89.19,87.58,-3.219999999999999,0
w2t5,w2t5_Math,w2t5|w2t5_Math,poly,12.3,12.59,0.394,12.3,2.77,84.94,97.24,91.09,-12.299999999999997,1
w2t5,w2t5_Reading,w2t5|w2t5_Reading,poly,9.31,10.35,-0.885,-6.64,8.27,87.04,80.39,83.715,6.650000000000006,0
w2t5,w2t5_Relax,w2t5|w2t5_Relax,poly,12.92,15.26,-0.037,12.92,8.23,63.07,75.98,69.525,-12.910000000000004,1
w2t5,w2t5_Speaking,w2t5|w2t5_Speaking,poly,6.72,7.27,0.025,-1.86,7.3,88.56,86.7,87.63,1.8599999999999994,0
w2t5,w2t5_Stroop,w2t5|w2t5_Stroop,poly,3.36,4.12,0.678,2.53,3.38,83.13,85.66,84.395,-2.530000000000001,0
w2t5,w2t5_Video1,w2t5|w2t5_Video1,poly,24.28,25.08,-0.137,24.28,6.38,61.01,85.28,73.145,-24.270000000000003,1
w2t5,w2t5_Video2,w2t5|w2t5_Video2,poly,17.42,17.77,0.03,17.42,3.54,60.15,77.57,68.86,-17.419999999999995,1
wssm,wssm_Baseline,wssm|wssm_Baseline,poly,2.32,2.86,0.609,-0.5,2.93,90.68,90.18,90.43,0.5,0
wssm,wssm_Breathing,wssm|wssm_Breathing,poly,5.32,6.2,0.353,1.03,6.17,79.18,80.21,79.695,-1.029999999999987,0
wssm,wssm_Counting1,wssm|wssm_Counting1,poly,5.26,6.55,-0.515,0.07,6.79,88.59,88.66,88.625,-0.06999999999999318,0
wssm,wssm_Counting2,wssm|wssm_Counting2,poly,4.82,5.71,0.568,4.75,3.27,87.33,92.08,89.705,-4.75,0
wssm,wssm_Counting3,wssm|wssm_Counting3,poly,12.85,12.99,0.888,-12.85,1.98,88.87,76.02,82.445,12.850000000000009,1
wssm,wssm_Math,wssm|wssm_Math,poly,6.2,6.75,0.483,5.36,4.26,88.15,93.51,90.83000000000001,-5.359999999999999,0
wssm,wssm_Reading,wssm|wssm_Reading,poly,24.62,24.66,0.926,-24.62,1.59,98.61,73.99,86.3,24.620000000000005,1
wssm,wssm_Relax,wssm|wssm_Relax,poly,6.97,8.21,-0.025,-6.08,5.58,80.32,74.24,77.28,6.079999999999998,0
wssm,wssm_Speaking,wssm|wssm_Speaking,poly,8.7,9.81,0.925,-8.04,5.83,88.42,80.38,84.4,8.040000000000006,0
wssm,wssm_Stroop,wssm|wssm_Stroop,poly,4.3,5.6,0.779,-2.12,5.39,88.43,86.32,87.375,2.1100000000000136,0
wssm,wssm_Video1,wssm|wssm_Video1,poly,4.53,5.69,0.565,3.84,4.23,76.84,80.68,78.76,-3.8400000000000034,0
wssm,wssm_Video2,wssm|wssm_Video2,poly,7.71,10.8,0.105,-5.48,9.45,84.06,78.58,81.32,5.480000000000004,0
x1q3,x1q3_Baseline,x1q3|x1q3_Baseline,poly,4.42,4.88,-0.243,-4.42,2.15,69.68,65.26,67.47,4.420000000000002,0
x1q3,x1q3_Breathing,x1q3|x1q3_Breathing,poly,7.74,8.73,-0.006,7.74,4.09,63.16,70.89,67.025,-7.730000000000004,0
x1q3,x1q3_Counting1,x1q3|x1q3_Counting1,poly,3.47,3.78,0.682,-1.69,3.51,69.86,68.17,69.015,1.6899999999999977,0
x1q3,x1q3_Counting2,x1q3|x1q3_Counting2,poly,3.12,3.74,-0.275,-2.68,2.71,70.79,68.1,69.445,2.690000000000012,0
x1q3,x1q3_Counting3,x1q3|x1q3_Counting3,poly,2.76,3.21,-0.319,0.06,3.33,71.21,71.27,71.24,-0.060000000000002274,0
x1q3,x1q3_Math,x1q3|x1q3_Math,poly,6.46,7.74,-0.835,4.61,6.45,75.7,80.31,78.005,-4.609999999999999,0
x1q3,x1q3_Reading,x1q3|x1q3_Reading,poly,3.57,3.88,-0.428,-2.0,3.46,73.93,71.94,72.935,1.990000000000009,0
x1q3,x1q3_Relax,x1q3|x1q3_Relax,poly,2.05,2.52,0.003,-1.7,1.88,62.56,60.86,61.71,1.7000000000000028,0
x1q3,x1q3_Speaking,x1q3|x1q3_Speaking,poly,8.17,9.59,-0.009,8.01,5.48,77.3,85.31,81.305,-8.010000000000005,0
x1q3,x1q3_Stroop,x1q3|x1q3_Stroop,poly,9.62,10.02,0.341,9.62,2.91,67.03,76.65,71.84,-9.620000000000005,0
x1q3,x1q3_Video1,x1q3|x1q3_Video1,poly,7.95,9.59,-0.224,7.85,5.56,61.31,69.16,65.235,-7.849999999999994,0
x1q3,x1q3_Video2,x1q3|x1q3_Video2,poly,13.14,13.64,-0.706,13.14,3.73,61.54,74.68,68.11,-13.140000000000008,1
y8c3,y8c3_Baseline,y8c3|y8c3_Baseline,poly,9.97,10.88,0.009,-5.92,9.5,91.83,85.91,88.87,5.920000000000002,0
y8c3,y8c3_Breathing,y8c3|y8c3_Breathing,poly,9.81,11.77,-0.54,9.79,6.59,69.05,78.85,73.94999999999999,-9.799999999999997,0
y8c3,y8c3_Counting1,y8c3|y8c3_Counting1,poly,3.88,4.51,0.899,-3.53,2.91,90.84,87.31,89.075,3.530000000000001,0
y8c3,y8c3_Counting2,y8c3|y8c3_Counting2,poly,8.74,9.17,0.555,8.74,2.89,91.69,100.44,96.065,-8.75,0
y8c3,y8c3_Counting3,y8c3|y8c3_Counting3,poly,6.67,7.25,0.8,-3.63,6.53,87.96,84.33,86.145,3.6299999999999955,0
y8c3,y8c3_Math,y8c3|y8c3_Math,poly,3.22,3.68,0.262,-1.98,3.21,83.93,81.95,82.94,1.980000000000004,0
y8c3,y8c3_Reading,y8c3|y8c3_Reading,poly,11.51,12.47,0.649,-10.01,7.74,91.6,81.59,86.595,10.009999999999991,1
y8c3,y8c3_Relax,y8c3|y8c3_Relax,poly,10.43,11.0,-0.021,10.43,3.53,64.18,74.61,69.39500000000001,-10.429999999999993,1
y8c3,y8c3_Speaking,y8c3|y8c3_Speaking,poly,11.47,12.78,0.139,-11.1,6.58,91.94,80.84,86.39,11.099999999999994,1
y8c3,y8c3_Stroop,y8c3|y8c3_Stroop,poly,5.51,6.65,0.639,0.58,6.88,87.83,88.4,88.11500000000001,-0.5700000000000074,0
y8c3,y8c3_Video1,y8c3|y8c3_Video1,poly,11.79,12.02,0.841,11.79,2.32,63.56,75.35,69.455,-11.789999999999992,1
y8c3,y8c3_Video2,y8c3|y8c3_Video2,poly,15.33,16.18,-0.218,15.33,5.27,64.11,79.43,71.77000000000001,-15.320000000000007,1
y9z6,y9z6_Baseline,y9z6|y9z6_Baseline,poly,2.46,2.75,-0.574,2.46,1.28,62.22,64.68,63.45,-2.460000000000008,0
y9z6,y9z6_Breathing,y9z6|y9z6_Breathing,poly,14.15,15.6,0.653,14.15,6.63,59.84,73.99,66.91499999999999,-14.149999999999991,1
y9z6,y9z6_Counting1,y9z6|y9z6_Counting1,poly,2.06,2.63,-0.862,-2.06,1.7,65.97,63.91,64.94,2.0600000000000023,0
y9z6,y9z6_Counting2,y9z6|y9z6_Counting2,poly,3.43,3.7,0.602,-2.38,2.94,66.89,64.51,65.7,2.3799999999999955,0
y9z6,y9z6_Counting3,y9z6|y9z6_Counting3,poly,6.08,6.61,0.729,6.08,2.7,65.51,71.59,68.55000000000001,-6.079999999999998,0
y9z6,y9z6_Math,y9z6|y9z6_Math,poly,1.91,2.47,0.067,-1.62,1.94,65.27,63.65,64.46,1.6199999999999974,0
y9z6,y9z6_Reading,y9z6|y9z6_Reading,poly,7.49,7.82,0.671,7.49,2.36,68.6,76.09,72.345,-7.490000000000009,0
y9z6,y9z6_Relax,y9z6|y9z6_Relax,poly,6.58,8.14,0.392,6.58,4.84,58.4,64.99,61.69499999999999,-6.589999999999996,0
y9z6,y9z6_Speaking,y9z6|y9z6_Speaking,poly,1.64,2.21,-0.685,-0.82,2.13,68.01,67.18,67.595,0.8299999999999983,0
y9z6,y9z6_Stroop,y9z6|y9z6_Stroop,poly,3.63,4.33,0.207,3.32,2.89,64.16,67.48,65.82,-3.3200000000000074,0
y9z6,y9z6_Video1,y9z6|y9z6_Video1,poly,18.22,18.63,-0.156,18.22,3.92,59.99,78.21,69.1,-18.21999999999999,1
y9z6,y9z6_Video2,y9z6|y9z6_Video2,poly,11.88,12.47,0.178,11.88,3.85,57.95,69.83,63.89,-11.879999999999995,1
