Subject ID,Recording ID,ROI,Extraction Method,Signal,Number of Windows,MAE (bpm),RMSE (bpm),Pearson r,Pearson p,Bias (bpm),SD (bpm),LoA Lower (bpm),LoA Upper (bpm),Mean rPPG (bpm),Median rPPG (bpm),Mean Ground Truth (bpm),Median Ground Truth (bpm),Mean Error (bpm),Median Error (bpm),Median Absolute Error (bpm)
s28,vid_s28_T1.avi,manual,R,,34,14.91,18.39,-0.004,0.984,-10.29,15.47,-40.6,20.02,78.57,77.04,88.86,88.06,-10.29,-8.83,13.16
s28,vid_s28_T1.avi,manual,G,,34,13.66,17.31,-0.059,0.741,-10.33,14.1,-37.96,17.31,78.54,79.38,88.86,88.06,-10.33,-10.3,10.78
s28,vid_s28_T1.avi,manual,B,,34,15.46,19.03,-0.03,0.866,-13.42,13.7,-40.27,13.43,75.44,75.24,88.86,88.06,-13.42,-12.38,12.97
s28,vid_s28_T1.avi,manual,GREY_W,,34,14.37,17.91,-0.03,0.868,-10.9,14.43,-39.18,17.38,77.97,78.02,88.86,88.06,-10.9,-10.68,12.28
s28,vid_s28_T1.avi,manual,GREY_A,,34,14.85,18.33,-0.019,0.914,-11.56,14.43,-39.85,16.73,77.3,77.21,88.86,88.06,-11.56,-11.11,12.87
s28,vid_s28_T1.avi,manual,PCA_1,,34,14.86,18.35,-0.022,0.9,-11.71,14.34,-39.82,16.39,77.15,77.15,88.86,88.06,-11.71,-11.24,12.91
s28,vid_s28_T1.avi,manual,PCA_2,,34,13.16,18.3,-0.152,0.392,-7.5,16.94,-40.7,25.7,81.36,79.9,88.86,88.06,-7.5,-4.0,8.02
s28,vid_s28_T1.avi,manual,PCA_3,,34,8.58,10.46,0.317,0.068,-0.39,10.61,-21.18,20.41,88.48,88.54,88.86,88.06,-0.39,-0.6,7.92
s28,vid_s28_T1.avi,manual,ZCA_1,,34,12.99,17.22,-0.16,0.367,-8.28,15.33,-38.32,21.76,80.59,81.62,88.86,88.06,-8.28,-6.98,10.29
s28,vid_s28_T1.avi,manual,ZCA_2,,34,8.69,10.89,0.204,0.248,-0.89,11.02,-22.49,20.71,87.98,88.15,88.86,88.06,-0.89,-0.58,8.21
s28,vid_s28_T1.avi,manual,ZCA_3,,34,9.9,13.03,0.044,0.803,-4.62,12.37,-28.86,19.63,84.25,85.36,88.86,88.06,-4.62,-1.3,8.02
s28,vid_s28_T1.avi,manual,Best_ICA_1,,34,8.53,10.35,0.343,0.047,-0.41,10.5,-21.0,20.17,88.45,88.41,88.86,88.06,-0.41,-0.45,7.87
s28,vid_s28_T1.avi,manual,ICA_2,,34,13.96,17.76,-0.024,0.892,-8.86,15.62,-39.47,21.74,80.0,81.35,88.86,88.06,-8.86,-7.49,10.0
s28,vid_s28_T1.avi,manual,ICA_3,,34,13.24,17.86,-0.284,0.103,-10.41,14.73,-39.28,18.46,78.46,77.72,88.86,88.06,-10.41,-4.56,10.99
s28,vid_s28_T1.avi,manual,CHROM,,34,9.24,11.15,0.101,0.569,0.45,11.3,-21.7,22.61,89.32,89.07,88.86,88.06,0.45,0.83,9.04
s28,vid_s28_T1.avi,manual,POS,,34,9.3,11.24,0.091,0.607,1.34,11.33,-20.86,23.55,90.21,89.3,88.86,88.06,1.34,1.36,9.4
s28,vid_s28_T1.avi,none,R,,34,15.78,18.79,0.054,0.76,-13.25,13.52,-39.75,13.24,75.61,75.51,88.86,88.06,-13.25,-14.31,15.62
s28,vid_s28_T1.avi,none,G,,34,14.9,18.14,0.051,0.773,-12.8,13.04,-38.36,12.76,76.06,76.07,88.86,88.06,-12.8,-14.98,14.98
s28,vid_s28_T1.avi,none,B,,34,17.63,20.2,0.113,0.526,-16.32,12.09,-40.01,7.38,72.55,72.22,88.86,88.06,-16.32,-16.47,16.47
s28,vid_s28_T1.avi,none,GREY_W,,34,15.53,18.6,0.063,0.725,-13.5,12.99,-38.96,11.96,75.36,75.61,88.86,88.06,-13.5,-14.77,14.77
s28,vid_s28_T1.avi,none,GREY_A,,34,16.15,19.04,0.075,0.674,-14.27,12.79,-39.34,10.8,74.59,74.88,88.86,88.06,-14.27,-14.64,14.64
s28,vid_s28_T1.avi,none,PCA_1,,34,16.11,19.01,0.074,0.677,-14.21,12.82,-39.33,10.92,74.66,74.95,88.86,88.06,-14.21,-14.62,14.62
s28,vid_s28_T1.avi,none,PCA_2,,34,12.42,14.81,-0.079,0.658,-4.11,14.44,-32.41,24.2,84.76,83.92,88.86,88.06,-4.11,-5.48,11.85
s28,vid_s28_T1.avi,none,PCA_3,,34,10.26,12.47,0.246,0.16,-4.91,11.64,-27.71,17.9,83.96,84.6,88.86,88.06,-4.91,-3.7,9.77
s28,vid_s28_T1.avi,none,ZCA_1,,34,11.34,13.52,0.06,0.736,-5.04,12.74,-30.0,19.92,83.82,85.74,88.86,88.06,-5.04,-5.99,10.15
s28,vid_s28_T1.avi,none,ZCA_2,,34,9.76,11.68,0.431,0.011,-4.3,11.03,-25.91,17.32,84.57,86.63,88.86,88.06,-4.3,-4.95,9.71
s28,vid_s28_T1.avi,none,ZCA_3,,34,11.53,14.9,-0.141,0.428,-7.31,13.18,-33.14,18.52,81.55,82.05,88.86,88.06,-7.31,-7.18,9.1
s28,vid_s28_T1.avi,none,ICA_1,,34,12.47,14.53,0.046,0.797,-6.27,13.31,-32.36,19.82,82.6,83.88,88.86,88.06,-6.27,-9.81,11.49
s28,vid_s28_T1.avi,none,ICA_2,,34,9.54,11.26,0.361,0.036,-3.6,10.84,-24.83,17.64,85.27,85.89,88.86,88.06,-3.6,-1.68,9.54
s28,vid_s28_T1.avi,none,Best_ICA_3,,34,12.18,15.25,-0.017,0.924,-7.44,13.51,-33.92,19.05,81.43,82.96,88.86,88.06,-7.44,-8.68,10.61
s28,vid_s28_T1.avi,none,CHROM,,34,8.95,10.9,0.221,0.21,-0.28,11.06,-21.95,21.4,88.59,88.51,88.86,88.06,-0.28,1.01,8.74
s28,vid_s28_T1.avi,none,POS,,34,9.73,11.4,0.096,0.59,-0.4,11.57,-23.06,22.27,88.47,88.32,88.86,88.06,-0.4,0.15,10.14
s28,vid_s28_T1.avi,face_track,R,,34,10.72,13.4,0.02,0.912,-1.91,13.47,-28.3,24.49,86.96,88.86,88.86,88.06,-1.91,0.78,9.67
s28,vid_s28_T1.avi,face_track,G,,34,10.06,12.95,0.079,0.659,-3.38,12.69,-28.25,21.49,85.48,85.51,88.86,88.06,-3.38,-0.4,7.24
s28,vid_s28_T1.avi,face_track,B,,34,10.86,13.58,0.031,0.862,-3.21,13.4,-29.46,23.05,85.66,87.04,88.86,88.06,-3.21,-0.38,9.7
s28,vid_s28_T1.avi,face_track,GREY_W,,34,10.35,13.12,0.059,0.741,-3.08,12.95,-28.45,22.3,85.79,87.27,88.86,88.06,-3.08,-0.29,6.28
s28,vid_s28_T1.avi,face_track,GREY_A,,34,10.47,13.23,0.05,0.778,-3.06,13.07,-28.68,22.55,85.8,87.4,88.86,88.06,-3.06,0.34,6.64
s28,vid_s28_T1.avi,face_track,PCA_1,,34,10.48,13.23,0.049,0.783,-2.97,13.08,-28.61,22.66,85.89,87.91,88.86,88.06,-2.97,0.13,6.74
s28,vid_s28_T1.avi,face_track,PCA_2,,34,10.47,13.5,0.019,0.913,2.47,13.47,-23.93,28.86,91.33,92.29,88.86,88.06,2.47,1.52,10.07
s28,vid_s28_T1.avi,face_track,PCA_3,,34,10.12,12.42,0.051,0.773,0.7,12.59,-23.98,25.37,89.56,88.06,88.86,88.06,0.7,0.11,8.55
s28,vid_s28_T1.avi,face_track,ZCA_1,,34,11.46,14.69,-0.169,0.338,2.28,14.73,-26.59,31.16,91.15,90.64,88.86,88.06,2.28,1.24,10.82
s28,vid_s28_T1.avi,face_track,ZCA_2,,34,8.76,11.26,0.234,0.184,0.34,11.42,-22.04,22.73,89.21,87.54,88.86,88.06,0.34,0.06,8.09
s28,vid_s28_T1.avi,face_track,ZCA_3,,34,11.41,13.57,-0.055,0.759,0.13,13.77,-26.86,27.12,89.0,88.92,88.86,88.06,0.13,-0.07,10.87
s28,vid_s28_T1.avi,face_track,Best_ICA_1,,34,9.67,11.7,0.104,0.56,0.78,11.85,-22.44,24.0,89.64,89.14,88.86,88.06,0.78,0.73,8.17
s28,vid_s28_T1.avi,face_track,ICA_2,,34,11.1,14.03,-0.043,0.808,2.6,14.0,-24.83,30.03,91.46,92.36,88.86,88.06,2.6,1.54,10.47
s28,vid_s28_T1.avi,face_track,ICA_3,,34,9.88,12.64,0.099,0.579,-3.53,12.32,-27.68,20.63,85.34,85.15,88.86,88.06,-3.53,-2.59,7.05
s28,vid_s28_T1.avi,face_track,CHROM,,34,9.58,11.62,0.069,0.696,1.69,11.67,-21.19,24.56,90.55,89.85,88.86,88.06,1.69,2.98,9.46
s28,vid_s28_T1.avi,face_track,POS,,34,9.43,11.55,0.107,0.547,2.04,11.54,-20.58,24.66,90.91,89.99,88.86,88.06,2.04,2.68,8.68
s28,vid_s28_T1.avi,bbox_forehead,R,,34,10.58,13.01,0.142,0.424,2.59,12.94,-22.78,27.95,91.45,91.99,88.86,88.06,2.59,2.63,9.01
s28,vid_s28_T1.avi,bbox_forehead,G,,34,9.82,12.26,0.206,0.243,1.61,12.33,-22.56,25.79,90.48,90.72,88.86,88.06,1.61,1.7,9.77
s28,vid_s28_T1.avi,bbox_forehead,B,,34,9.81,12.49,0.163,0.356,1.76,12.55,-22.83,26.36,90.63,90.57,88.86,88.06,1.76,0.44,8.86
s28,vid_s28_T1.avi,bbox_forehead,GREY_W,,34,10.16,12.62,0.177,0.316,2.02,12.64,-22.75,26.8,90.89,91.43,88.86,88.06,2.02,2.3,9.0
s28,vid_s28_T1.avi,bbox_forehead,GREY_A,,34,10.14,12.67,0.17,0.337,2.13,12.68,-22.72,26.98,90.99,91.46,88.86,88.06,2.13,2.09,8.55
s28,vid_s28_T1.avi,bbox_forehead,PCA_1,,34,10.2,12.71,0.167,0.345,2.19,12.71,-22.73,27.1,91.05,91.54,88.86,88.06,2.19,2.14,8.58
s28,vid_s28_T1.avi,bbox_forehead,PCA_2,,34,11.64,13.74,-0.07,0.695,-0.88,13.92,-28.16,26.4,87.98,88.65,88.86,88.06,-0.88,-2.28,12.3
s28,vid_s28_T1.avi,bbox_forehead,PCA_3,,34,9.5,11.8,0.033,0.851,1.52,11.88,-21.76,24.8,90.39,89.67,88.86,88.06,1.52,2.46,8.24
s28,vid_s28_T1.avi,bbox_forehead,ZCA_1,,34,10.0,12.68,-0.034,0.85,2.25,12.67,-22.58,27.09,91.12,91.35,88.86,88.06,2.25,1.13,9.35
s28,vid_s28_T1.avi,bbox_forehead,ZCA_2,,34,9.33,11.58,0.124,0.484,1.96,11.59,-20.75,24.67,90.82,91.66,88.86,88.06,1.96,0.5,9.1
s28,vid_s28_T1.avi,bbox_forehead,ZCA_3,,34,8.13,10.55,0.359,0.037,-1.37,10.61,-22.17,19.43,87.5,86.54,88.86,88.06,-1.37,-0.11,5.53
s28,vid_s28_T1.avi,bbox_forehead,ICA_1,,34,9.57,11.55,0.069,0.698,1.59,11.62,-21.18,24.36,90.45,90.09,88.86,88.06,1.59,3.25,7.61
s28,vid_s28_T1.avi,bbox_forehead,ICA_2,,34,9.24,11.48,0.169,0.34,0.01,11.66,-22.84,22.85,88.87,89.86,88.86,88.06,0.01,1.23,7.73
s28,vid_s28_T1.avi,bbox_forehead,Best_ICA_3,,34,9.13,10.93,0.278,0.111,-0.33,11.09,-22.07,21.4,88.53,87.99,88.86,88.06,-0.33,-0.46,8.41
s28,vid_s28_T1.avi,bbox_forehead,CHROM,,34,9.29,11.31,0.084,0.638,1.35,11.4,-20.99,23.7,90.22,90.33,88.86,88.06,1.35,1.27,9.4
s28,vid_s28_T1.avi,bbox_forehead,POS,,34,9.67,11.78,-0.045,0.799,2.39,11.71,-20.56,25.33,91.25,91.53,88.86,88.06,2.39,3.26,8.44
s28,vid_s28_T1.avi,mesh_forehead,R,,34,14.15,18.11,-0.388,0.023,-8.62,16.16,-40.3,23.06,80.25,81.28,88.86,88.06,-8.62,-7.2,9.95
s28,vid_s28_T1.avi,mesh_forehead,G,,34,11.77,16.17,-0.438,0.01,-5.83,15.31,-35.83,24.18,83.04,83.72,88.86,88.06,-5.83,-2.32,8.54
s28,vid_s28_T1.avi,mesh_forehead,B,,34,14.42,18.07,-0.373,0.03,-8.35,16.27,-40.24,23.54,80.52,81.0,88.86,88.06,-8.35,-6.49,10.88
s28,vid_s28_T1.avi,mesh_forehead,GREY_W,,34,12.59,16.92,-0.428,0.012,-7.08,15.6,-37.65,23.49,81.78,82.68,88.86,88.06,-7.08,-3.88,9.95
s28,vid_s28_T1.avi,mesh_forehead,GREY_A,,34,13.28,17.4,-0.413,0.015,-7.73,15.82,-38.74,23.27,81.13,82.35,88.86,88.06,-7.73,-4.38,10.75
s28,vid_s28_T1.avi,mesh_forehead,PCA_1,,34,13.31,17.42,-0.413,0.015,-7.78,15.82,-38.79,23.23,81.09,82.31,88.86,88.06,-7.78,-4.52,10.81
s28,vid_s28_T1.avi,mesh_forehead,PCA_2,,34,11.54,13.45,0.164,0.353,-6.56,11.92,-29.92,16.81,82.31,83.36,88.86,88.06,-6.56,-7.41,10.11
s28,vid_s28_T1.avi,mesh_forehead,PCA_3,,34,9.22,11.39,0.065,0.715,-1.37,11.47,-23.86,21.12,87.49,87.37,88.86,88.06,-1.37,0.53,8.16
s28,vid_s28_T1.avi,mesh_forehead,ZCA_1,,34,9.6,12.3,0.08,0.651,-4.35,11.68,-27.24,18.54,84.52,85.38,88.86,88.06,-4.35,-1.31,7.79
s28,vid_s28_T1.avi,mesh_forehead,ZCA_2,,34,10.01,12.78,-0.184,0.297,-0.71,12.95,-26.1,24.67,88.15,87.76,88.86,88.06,-0.71,0.63,8.15
s28,vid_s28_T1.avi,mesh_forehead,ZCA_3,,34,11.7,14.26,0.058,0.746,-7.49,12.32,-31.63,16.65,81.37,82.09,88.86,88.06,-7.49,-7.86,10.27
s28,vid_s28_T1.avi,mesh_forehead,Best_ICA_1,,34,9.27,11.57,0.002,0.99,-1.07,11.69,-23.99,21.85,87.79,87.37,88.86,88.06,-1.07,0.49,8.27
s28,vid_s28_T1.avi,mesh_forehead,ICA_2,,34,13.62,17.5,-0.359,0.037,-8.75,15.39,-38.91,21.41,80.11,78.65,88.86,88.06,-8.75,-6.75,10.56
s28,vid_s28_T1.avi,mesh_forehead,ICA_3,,34,13.48,16.01,-0.045,0.799,-8.75,13.62,-35.44,17.94,80.12,80.48,88.86,88.06,-8.75,-9.3,12.5
s28,vid_s28_T1.avi,mesh_forehead,CHROM,,34,9.0,11.06,0.132,0.456,0.03,11.23,-21.98,22.03,88.89,89.07,88.86,88.06,0.03,1.13,8.66
s28,vid_s28_T1.avi,mesh_forehead,POS,,34,9.22,11.25,0.085,0.634,-0.25,11.42,-22.63,22.14,88.62,88.09,88.86,88.06,-0.25,0.65,8.62
s28,vid_s28_T2.avi,manual,R,,33,28.0,34.89,0.152,0.398,-26.31,23.27,-71.92,19.3,83.35,83.47,109.66,102.87,-26.31,-24.04,24.04
s28,vid_s28_T2.avi,manual,G,,33,29.78,36.66,0.163,0.364,-28.72,23.14,-74.06,16.63,80.95,79.89,109.66,102.87,-28.72,-25.28,25.28
s28,vid_s28_T2.avi,manual,B,,33,30.93,37.86,0.142,0.431,-30.08,23.36,-75.86,15.7,79.59,78.05,109.66,102.87,-30.08,-27.1,27.1
s28,vid_s28_T2.avi,manual,GREY_W,,33,29.38,36.22,0.164,0.361,-28.15,23.15,-73.52,17.21,81.51,80.77,109.66,102.87,-28.15,-25.28,25.28
s28,vid_s28_T2.avi,manual,GREY_A,,33,29.59,36.43,0.162,0.368,-28.39,23.18,-73.82,17.04,81.27,80.6,109.66,102.87,-28.39,-25.72,25.72
s28,vid_s28_T2.avi,manual,PCA_1,,33,29.62,36.45,0.162,0.368,-28.42,23.18,-73.85,17.01,81.24,80.54,109.66,102.87,-28.42,-25.75,25.75
s28,vid_s28_T2.avi,manual,PCA_2,,33,26.29,33.19,-0.154,0.391,-21.09,26.03,-72.1,29.93,88.58,89.42,109.66,102.87,-21.09,-24.07,24.07
s28,vid_s28_T2.avi,manual,PCA_3,,33,23.71,30.7,-0.095,0.599,-18.57,24.82,-67.23,30.08,91.09,92.74,109.66,102.87,-18.57,-17.32,19.59
s28,vid_s28_T2.avi,manual,ZCA_1,,33,24.73,32.32,-0.01,0.956,-21.11,24.86,-69.83,27.61,88.55,89.45,109.66,102.87,-21.11,-19.09,19.09
s28,vid_s28_T2.avi,manual,ZCA_2,,33,23.77,31.84,-0.086,0.633,-21.39,23.95,-68.33,25.55,88.27,87.89,109.66,102.87,-21.39,-14.06,17.02
s28,vid_s28_T2.avi,manual,ZCA_3,,33,29.58,35.38,-0.094,0.601,-24.49,25.94,-75.33,26.35,85.18,85.56,109.66,102.87,-24.49,-26.37,26.37
s28,vid_s28_T2.avi,manual,Best_ICA_1,,33,24.24,31.22,-0.128,0.476,-18.64,25.44,-68.49,31.22,91.03,93.33,109.66,102.87,-18.64,-18.27,20.22
s28,vid_s28_T2.avi,manual,ICA_2,,33,25.82,33.03,0.127,0.481,-23.75,23.31,-69.45,21.95,85.91,85.67,109.66,102.87,-23.75,-17.69,17.69
s28,vid_s28_T2.avi,manual,ICA_3,,33,31.36,38.73,-0.196,0.276,-28.75,26.34,-80.39,22.88,80.91,79.72,109.66,102.87,-28.75,-29.45,29.45
s28,vid_s28_T2.avi,manual,CHROM,,33,22.27,29.9,-0.425,0.014,-15.9,25.71,-66.29,34.5,93.77,94.17,109.66,102.87,-15.9,-7.76,15.14
s28,vid_s28_T2.avi,manual,POS,,33,20.85,28.15,-0.23,0.197,-14.09,24.75,-62.59,34.42,95.58,95.03,109.66,102.87,-14.09,-7.98,16.27
s28,vid_s28_T2.avi,none,R,,33,26.08,33.89,-0.024,0.895,-23.67,24.63,-71.95,24.6,85.99,85.57,109.66,102.87,-23.67,-14.82,14.82
s28,vid_s28_T2.avi,none,G,,33,27.57,35.34,0.117,0.518,-26.84,23.34,-72.59,18.91,82.83,81.2,109.66,102.87,-26.84,-18.49,18.49
s28,vid_s28_T2.avi,none,B,,33,28.94,36.29,0.191,0.287,-28.55,22.75,-73.13,16.04,81.12,81.12,109.66,102.87,-28.55,-21.83,21.83
s28,vid_s28_T2.avi,none,GREY_W,,33,27.12,34.96,0.067,0.709,-25.99,23.75,-72.54,20.57,83.68,82.07,109.66,102.87,-25.99,-17.38,17.38
s28,vid_s28_T2.avi,none,GREY_A,,33,27.24,35.1,0.075,0.679,-26.24,23.67,-72.63,20.14,83.42,81.45,109.66,102.87,-26.24,-17.69,17.69
s28,vid_s28_T2.avi,none,PCA_1,,33,27.26,35.11,0.076,0.672,-26.27,23.65,-72.63,20.09,83.39,81.43,109.66,102.87,-26.27,-17.72,17.72
s28,vid_s28_T2.avi,none,PCA_2,,33,22.07,29.82,-0.021,0.906,-17.36,24.62,-65.62,30.9,92.3,93.88,109.66,102.87,-17.36,-13.71,17.7
s28,vid_s28_T2.avi,none,PCA_3,,33,28.87,36.96,-0.121,0.503,-26.91,25.73,-77.34,23.52,82.75,84.73,109.66,102.87,-26.91,-25.19,25.19
s28,vid_s28_T2.avi,none,ZCA_1,,33,22.11,29.49,-0.044,0.806,-17.25,24.29,-64.85,30.35,92.41,92.4,109.66,102.87,-17.25,-8.71,13.99
s28,vid_s28_T2.avi,none,ZCA_2,,33,28.33,37.19,-0.116,0.52,-27.1,25.87,-77.8,23.6,82.56,82.09,109.66,102.87,-27.1,-26.06,26.06
s28,vid_s28_T2.avi,none,ZCA_3,,33,31.99,39.18,0.111,0.537,-31.57,23.57,-77.77,14.63,78.09,77.12,109.66,102.87,-31.57,-29.68,29.68
s28,vid_s28_T2.avi,none,ICA_1,,33,29.97,37.23,0.124,0.492,-29.46,23.13,-74.79,15.88,80.21,78.5,109.66,102.87,-29.46,-26.9,26.9
s28,vid_s28_T2.avi,none,ICA_2,,33,27.49,35.99,-0.141,0.435,-24.53,26.75,-76.96,27.89,85.13,86.13,109.66,102.87,-24.53,-22.38,22.38
s28,vid_s28_T2.avi,none,Best_ICA_3,,33,21.35,27.84,0.072,0.689,-15.57,23.44,-61.51,30.37,94.1,93.94,109.66,102.87,-15.57,-10.83,17.22
s28,vid_s28_T2.avi,none,CHROM,,33,24.13,31.19,-0.114,0.526,-19.4,24.8,-68.01,29.2,90.26,90.89,109.66,102.87,-19.4,-14.71,17.62
s28,vid_s28_T2.avi,none,POS,,33,22.5,29.03,-0.101,0.577,-16.46,24.28,-64.05,31.13,93.2,93.25,109.66,102.87,-16.46,-13.42,15.94
s28,vid_s28_T2.avi,face_track,R,,33,24.63,32.33,0.113,0.533,-22.87,23.2,-68.35,22.6,86.79,86.03,109.66,102.87,-22.87,-18.59,18.59
s28,vid_s28_T2.avi,face_track,G,,33,24.42,32.55,0.089,0.623,-23.08,23.3,-68.75,22.59,86.59,86.1,109.66,102.87,-23.08,-18.63,18.63
s28,vid_s28_T2.avi,face_track,B,,33,23.8,32.23,-0.002,0.992,-22.08,23.84,-68.81,24.64,87.58,85.62,109.66,102.87,-22.08,-14.95,14.95
s28,vid_s28_T2.avi,face_track,GREY_W,,33,24.52,32.49,0.103,0.568,-23.07,23.23,-68.6,22.45,86.59,86.25,109.66,102.87,-23.07,-18.81,18.81
s28,vid_s28_T2.avi,face_track,GREY_A,,33,24.47,32.46,0.093,0.605,-22.99,23.28,-68.61,22.63,86.67,86.47,109.66,102.87,-22.99,-18.35,18.35
s28,vid_s28_T2.avi,face_track,PCA_1,,33,24.52,32.46,0.101,0.578,-23.02,23.24,-68.57,22.53,86.65,86.06,109.66,102.87,-23.02,-18.46,18.46
s28,vid_s28_T2.avi,face_track,PCA_2,,33,21.24,27.95,-0.05,0.782,-14.66,24.16,-62.02,32.69,95.0,94.53,109.66,102.87,-14.66,-10.31,15.45
s28,vid_s28_T2.avi,face_track,PCA_3,,33,24.85,32.22,-0.351,0.045,-18.48,26.8,-71.0,34.04,91.19,89.67,109.66,102.87,-18.48,-10.37,18.4
s28,vid_s28_T2.avi,face_track,ZCA_1,,33,24.31,31.23,-0.105,0.561,-19.54,24.74,-68.03,28.95,90.13,90.46,109.66,102.87,-19.54,-14.78,20.1
s28,vid_s28_T2.avi,face_track,ZCA_2,,33,24.73,33.01,-0.207,0.248,-21.59,25.36,-71.3,28.12,88.08,88.34,109.66,102.87,-21.59,-17.49,17.49
s28,vid_s28_T2.avi,face_track,ZCA_3,,33,22.03,28.74,-0.09,0.617,-15.14,24.81,-63.77,33.5,94.53,95.35,109.66,102.87,-15.14,-14.21,16.43
s28,vid_s28_T2.avi,face_track,ICA_1,,33,24.04,30.79,-0.289,0.103,-16.94,26.11,-68.12,34.24,92.72,91.91,109.66,102.87,-16.94,-10.84,17.34
s28,vid_s28_T2.avi,face_track,Best_ICA_2,,33,23.3,30.01,-0.18,0.316,-17.39,24.83,-66.06,31.28,92.27,92.59,109.66,102.87,-17.39,-13.82,20.46
s28,vid_s28_T2.avi,face_track,ICA_3,,33,23.82,32.54,-0.044,0.809,-22.17,24.18,-69.57,25.23,87.49,87.83,109.66,102.87,-22.17,-14.76,15.14
s28,vid_s28_T2.avi,face_track,CHROM,,33,22.63,29.68,-0.354,0.043,-14.99,26.01,-65.97,36.0,94.68,96.24,109.66,102.87,-14.99,-9.36,18.21
s28,vid_s28_T2.avi,face_track,POS,,33,21.61,28.86,-0.252,0.157,-14.89,25.1,-64.09,34.3,94.77,94.54,109.66,102.87,-14.89,-8.07,17.17
s28,vid_s28_T2.avi,bbox_forehead,R,,33,21.85,29.6,0.096,0.594,-18.57,23.41,-64.46,27.32,91.1,92.09,109.66,102.87,-18.57,-12.3,18.83
s28,vid_s28_T2.avi,bbox_forehead,G,,33,22.04,29.71,0.139,0.441,-19.0,23.19,-64.46,26.46,90.67,90.3,109.66,102.87,-19.0,-12.25,19.38
s28,vid_s28_T2.avi,bbox_forehead,B,,33,22.25,29.5,0.077,0.671,-18.01,23.72,-64.5,28.47,91.65,91.94,109.66,102.87,-18.01,-13.62,17.34
s28,vid_s28_T2.avi,bbox_forehead,GREY_W,,33,21.94,29.6,0.125,0.49,-18.74,23.28,-64.36,26.88,90.93,91.11,109.66,102.87,-18.74,-12.48,19.06
s28,vid_s28_T2.avi,bbox_forehead,GREY_A,,33,21.94,29.52,0.114,0.527,-18.51,23.35,-64.28,27.26,91.15,91.64,109.66,102.87,-18.51,-12.81,18.67
s28,vid_s28_T2.avi,bbox_forehead,PCA_1,,33,21.92,29.53,0.113,0.531,-18.54,23.35,-64.3,27.23,91.13,91.65,109.66,102.87,-18.54,-12.72,18.73
s28,vid_s28_T2.avi,bbox_forehead,PCA_2,,33,25.61,32.52,0.156,0.387,-23.19,23.15,-68.56,22.17,86.47,88.22,109.66,102.87,-23.19,-18.4,18.4
s28,vid_s28_T2.avi,bbox_forehead,PCA_3,,33,23.87,31.09,-0.46,0.007,-16.7,26.63,-68.89,35.49,92.96,93.1,109.66,102.87,-16.7,-11.25,19.67
s28,vid_s28_T2.avi,bbox_forehead,ZCA_1,,33,22.26,29.65,-0.019,0.917,-18.02,23.91,-64.88,28.84,91.64,91.3,109.66,102.87,-18.02,-10.73,14.19
s28,vid_s28_T2.avi,bbox_forehead,ZCA_2,,33,24.0,31.5,-0.287,0.105,-19.88,24.81,-68.51,28.74,89.78,89.96,109.66,102.87,-19.88,-16.28,17.73
s28,vid_s28_T2.avi,bbox_forehead,ZCA_3,,33,24.32,31.6,-0.053,0.768,-20.38,24.53,-68.45,27.69,89.28,88.37,109.66,102.87,-20.38,-14.9,15.63
s28,vid_s28_T2.avi,bbox_forehead,Best_ICA_1,,33,23.3,30.11,-0.414,0.016,-15.31,26.33,-66.91,36.3,94.36,93.96,109.66,102.87,-15.31,-8.96,20.17
s28,vid_s28_T2.avi,bbox_forehead,ICA_2,,33,24.36,32.14,0.044,0.809,-21.44,24.32,-69.11,26.24,88.23,88.06,109.66,102.87,-21.44,-14.94,17.08
s28,vid_s28_T2.avi,bbox_forehead,ICA_3,,33,23.41,30.28,0.073,0.685,-19.05,23.91,-65.91,27.81,90.62,90.01,109.66,102.87,-19.05,-14.02,15.56
s28,vid_s28_T2.avi,bbox_forehead,CHROM,,33,22.22,28.94,-0.253,0.155,-13.8,25.83,-64.42,36.83,95.87,94.71,109.66,102.87,-13.8,-10.25,18.47
s28,vid_s28_T2.avi,bbox_forehead,POS,,33,22.24,29.05,-0.376,0.031,-13.31,26.22,-64.71,38.09,96.35,96.92,109.66,102.87,-13.31,-7.6,16.92
s28,vid_s28_T2.avi,mesh_forehead,R,,33,23.81,30.76,0.229,0.2,-21.22,22.62,-65.55,23.11,88.45,86.65,109.66,102.87,-21.22,-14.84,14.84
s28,vid_s28_T2.avi,mesh_forehead,G,,33,23.76,31.13,0.214,0.232,-21.62,22.74,-66.19,22.96,88.05,87.31,109.66,102.87,-21.62,-14.46,14.46
s28,vid_s28_T2.avi,mesh_forehead,B,,33,23.76,31.46,0.081,0.653,-21.27,23.53,-67.39,24.85,88.39,87.56,109.66,102.87,-21.27,-13.27,13.27
s28,vid_s28_T2.avi,mesh_forehead,GREY_W,,33,23.69,30.97,0.203,0.258,-21.31,22.82,-66.05,23.42,88.35,87.08,109.66,102.87,-21.31,-14.25,14.25
s28,vid_s28_T2.avi,mesh_forehead,GREY_A,,33,23.57,30.95,0.173,0.335,-21.07,23.02,-66.18,24.05,88.6,87.33,109.66,102.87,-21.07,-13.46,13.46
s28,vid_s28_T2.avi,mesh_forehead,PCA_1,,33,23.59,30.92,0.18,0.317,-21.08,22.98,-66.11,23.95,88.59,87.27,109.66,102.87,-21.08,-13.62,13.62
s28,vid_s28_T2.avi,mesh_forehead,PCA_2,,33,28.39,34.61,0.107,0.553,-25.53,23.73,-72.05,20.98,84.13,85.51,109.66,102.87,-25.53,-22.07,22.07
s28,vid_s28_T2.avi,mesh_forehead,PCA_3,,33,24.73,31.88,-0.18,0.317,-20.84,24.5,-68.85,27.17,88.82,88.89,109.66,102.87,-20.84,-17.77,20.79
s28,vid_s28_T2.avi,mesh_forehead,ZCA_1,,33,26.14,32.37,0.069,0.704,-22.21,23.91,-69.07,24.64,87.45,87.26,109.66,102.87,-22.21,-20.54,24.21
s28,vid_s28_T2.avi,mesh_forehead,ZCA_2,,33,24.25,31.84,0.158,0.38,-22.55,22.82,-67.28,22.19,87.12,88.06,109.66,102.87,-22.55,-13.23,17.49
s28,vid_s28_T2.avi,mesh_forehead,ZCA_3,,33,26.66,34.0,0.043,0.814,-24.47,23.97,-71.45,22.52,85.2,82.89,109.66,102.87,-24.47,-18.93,18.93
s28,vid_s28_T2.avi,mesh_forehead,ICA_1,,33,23.92,30.26,-0.026,0.885,-19.04,23.88,-65.85,27.76,90.62,90.09,109.66,102.87,-19.04,-18.68,19.2
s28,vid_s28_T2.avi,mesh_forehead,ICA_2,,33,24.95,32.02,0.195,0.278,-22.85,22.78,-67.49,21.79,86.81,87.79,109.66,102.87,-22.85,-15.16,19.51
s28,vid_s28_T2.avi,mesh_forehead,Best_ICA_3,,33,27.4,34.42,0.174,0.333,-26.04,22.86,-70.84,18.77,83.63,84.41,109.66,102.87,-26.04,-17.91,17.91
s28,vid_s28_T2.avi,mesh_forehead,CHROM,,33,22.6,30.25,-0.281,0.113,-17.43,25.1,-66.64,31.77,92.23,93.03,109.66,102.87,-17.43,-15.4,16.93
s28,vid_s28_T2.avi,mesh_forehead,POS,,33,21.67,28.83,-0.09,0.619,-16.86,23.75,-63.4,29.68,92.81,93.18,109.66,102.87,-16.86,-9.69,16.02
s28,vid_s28_T3.avi,manual,R,,33,36.85,44.02,-0.103,0.567,-36.33,25.24,-85.8,13.13,79.18,77.19,115.51,108.6,-36.33,-31.46,31.46
s28,vid_s28_T3.avi,manual,G,,33,34.01,41.38,-0.056,0.757,-33.88,24.12,-81.15,13.39,81.63,80.67,115.51,108.6,-33.88,-28.3,28.3
s28,vid_s28_T3.avi,manual,B,,33,38.22,44.87,-0.029,0.871,-38.22,23.88,-85.02,8.58,77.3,75.7,115.51,108.6,-38.22,-34.74,34.74
s28,vid_s28_T3.avi,manual,GREY_W,,33,35.54,42.85,-0.07,0.7,-35.36,24.57,-83.52,12.79,80.15,78.48,115.51,108.6,-35.36,-31.46,31.46
s28,vid_s28_T3.avi,manual,GREY_A,,33,36.44,43.62,-0.067,0.712,-36.27,24.61,-84.51,11.97,79.24,76.65,115.51,108.6,-36.27,-33.26,33.26
s28,vid_s28_T3.avi,manual,PCA_1,,33,36.47,43.66,-0.068,0.707,-36.28,24.66,-84.61,12.04,79.23,76.68,115.51,108.6,-36.28,-33.32,33.32
s28,vid_s28_T3.avi,manual,PCA_2,,33,31.89,39.24,-0.036,0.843,-30.85,24.63,-79.12,17.42,84.66,86.89,115.51,108.6,-30.85,-24.87,24.87
s28,vid_s28_T3.avi,manual,PCA_3,,33,16.48,24.01,0.184,0.305,-9.72,22.29,-53.41,33.98,105.8,106.87,115.51,108.6,-9.72,-2.78,10.44
s28,vid_s28_T3.avi,manual,ZCA_1,,33,29.92,37.89,-0.133,0.462,-27.8,26.15,-79.05,23.46,87.72,86.02,115.51,108.6,-27.8,-25.17,25.17
s28,vid_s28_T3.avi,manual,ZCA_2,,33,17.93,25.82,0.2,0.265,-13.79,22.16,-57.23,29.64,101.72,102.24,115.51,108.6,-13.79,-7.52,12.59
s28,vid_s28_T3.avi,manual,ZCA_3,,33,20.53,28.61,0.146,0.418,-17.36,23.1,-62.64,27.93,98.16,100.98,115.51,108.6,-17.36,-13.48,16.36
s28,vid_s28_T3.avi,manual,Best_ICA_1,,33,16.72,24.35,0.253,0.155,-11.09,22.01,-54.24,32.06,104.42,106.25,115.51,108.6,-11.09,-4.18,11.79
s28,vid_s28_T3.avi,manual,ICA_2,,33,21.21,29.19,-0.004,0.983,-16.68,24.33,-64.36,31.0,98.83,101.95,115.51,108.6,-16.68,-10.25,13.97
s28,vid_s28_T3.avi,manual,ICA_3,,33,27.04,34.5,0.068,0.706,-26.04,22.98,-71.08,19.0,89.47,87.76,115.51,108.6,-26.04,-19.22,19.22
s28,vid_s28_T3.avi,manual,CHROM,,33,14.75,22.66,0.482,0.005,-8.83,21.19,-50.37,32.71,106.68,107.23,115.51,108.6,-8.83,-1.94,9.39
s28,vid_s28_T3.avi,manual,POS,,33,15.28,23.15,0.436,0.011,-9.98,21.22,-51.57,31.6,105.53,106.13,115.51,108.6,-9.98,-2.75,8.83
s28,vid_s28_T3.avi,none,R,,33,37.78,44.58,-0.08,0.659,-37.78,24.02,-84.86,9.29,77.73,76.5,115.51,108.6,-37.78,-32.28,32.28
s28,vid_s28_T3.avi,none,G,,33,38.26,44.55,-0.008,0.963,-38.26,23.18,-83.7,7.19,77.26,76.26,115.51,108.6,-38.26,-34.12,34.12
s28,vid_s28_T3.avi,none,B,,33,40.65,46.73,-0.029,0.873,-40.65,23.4,-86.51,5.2,74.86,73.92,115.51,108.6,-40.65,-35.62,35.62
s28,vid_s28_T3.avi,none,GREY_W,,33,38.52,44.93,-0.042,0.818,-38.52,23.49,-84.56,7.53,77.0,75.61,115.51,108.6,-38.52,-33.45,33.45
s28,vid_s28_T3.avi,none,GREY_A,,33,39.06,45.44,-0.047,0.794,-39.06,23.57,-85.26,7.13,76.45,74.87,115.51,108.6,-39.06,-34.35,34.35
s28,vid_s28_T3.avi,none,PCA_1,,33,39.1,45.46,-0.046,0.799,-39.1,23.56,-85.27,7.07,76.42,74.86,115.51,108.6,-39.1,-34.35,34.35
s28,vid_s28_T3.avi,none,PCA_2,,33,33.74,40.31,-0.033,0.856,-31.64,25.37,-81.36,18.09,83.87,83.76,115.51,108.6,-31.64,-27.74,27.74
s28,vid_s28_T3.avi,none,PCA_3,,33,22.45,30.48,0.133,0.46,-20.28,23.11,-65.58,25.03,95.24,98.97,115.51,108.6,-20.28,-16.99,18.73
s28,vid_s28_T3.avi,none,ZCA_1,,33,32.34,39.92,-0.122,0.497,-31.37,25.06,-80.5,17.75,84.14,82.6,115.51,108.6,-31.37,-26.07,26.07
s28,vid_s28_T3.avi,none,ZCA_2,,33,18.9,26.49,0.243,0.174,-15.16,22.06,-58.4,28.08,100.35,101.81,115.51,108.6,-15.16,-11.9,13.77
s28,vid_s28_T3.avi,none,ZCA_3,,33,30.8,37.9,0.086,0.635,-29.83,23.75,-76.38,16.72,85.68,87.19,115.51,108.6,-29.83,-27.19,27.19
s28,vid_s28_T3.avi,none,Best_ICA_1,,33,22.68,30.36,0.162,0.367,-20.18,23.03,-65.33,24.96,95.33,98.74,115.51,108.6,-20.18,-18.38,18.85
s28,vid_s28_T3.avi,none,ICA_2,,33,35.27,42.48,-0.145,0.421,-35.16,24.21,-82.62,12.3,80.35,80.28,115.51,108.6,-35.16,-27.31,27.31
s28,vid_s28_T3.avi,none,ICA_3,,33,30.59,36.87,0.21,0.241,-29.3,22.73,-73.84,15.25,86.22,87.24,115.51,108.6,-29.3,-26.67,26.67
s28,vid_s28_T3.avi,none,CHROM,,33,15.35,22.76,0.337,0.055,-8.18,21.57,-50.45,34.09,107.33,107.11,115.51,108.6,-8.18,-4.28,8.29
s28,vid_s28_T3.avi,none,POS,,33,16.44,24.7,0.111,0.537,-11.0,22.46,-55.02,33.02,104.51,104.05,115.51,108.6,-11.0,-3.38,9.72
s28,vid_s28_T3.avi,face_track,R,,33,33.72,40.75,-0.182,0.311,-33.04,24.23,-80.53,14.46,82.48,81.84,115.51,108.6,-33.04,-25.69,25.69
s28,vid_s28_T3.avi,face_track,G,,33,34.77,41.75,-0.136,0.451,-34.37,24.07,-81.54,12.81,81.15,80.38,115.51,108.6,-34.37,-27.23,27.23
s28,vid_s28_T3.avi,face_track,B,,33,35.5,42.25,-0.038,0.836,-35.25,23.64,-81.6,11.09,80.26,79.4,115.51,108.6,-35.25,-27.62,27.62
s28,vid_s28_T3.avi,face_track,GREY_W,,33,34.71,41.66,-0.143,0.429,-34.25,24.09,-81.47,12.97,81.27,80.55,115.51,108.6,-34.25,-26.87,26.87
s28,vid_s28_T3.avi,face_track,GREY_A,,33,34.85,41.76,-0.127,0.481,-34.41,24.03,-81.51,12.69,81.1,80.5,115.51,108.6,-34.41,-26.85,26.85
s28,vid_s28_T3.avi,face_track,PCA_1,,33,34.71,41.64,-0.137,0.447,-34.24,24.07,-81.42,12.94,81.27,80.5,115.51,108.6,-34.24,-26.64,26.64
s28,vid_s28_T3.avi,face_track,PCA_2,,33,24.38,31.01,0.217,0.225,-22.05,22.14,-65.44,21.33,93.46,95.04,115.51,108.6,-22.05,-20.65,20.65
s28,vid_s28_T3.avi,face_track,PCA_3,,33,17.88,26.16,-0.123,0.495,-10.8,24.2,-58.23,36.62,104.71,104.71,115.51,108.6,-10.8,-5.23,10.89
s28,vid_s28_T3.avi,face_track,ZCA_1,,33,24.65,31.47,0.052,0.773,-21.62,23.23,-67.15,23.91,93.89,92.59,115.51,108.6,-21.62,-17.4,18.4
s28,vid_s28_T3.avi,face_track,ZCA_2,,33,20.04,28.9,-0.168,0.349,-15.23,24.94,-64.11,33.65,100.28,100.88,115.51,108.6,-15.23,-10.85,13.67
s28,vid_s28_T3.avi,face_track,ZCA_3,,33,25.59,32.1,0.279,0.115,-23.86,21.81,-66.61,18.88,91.65,91.85,115.51,108.6,-23.86,-21.57,21.57
s28,vid_s28_T3.avi,face_track,ICA_1,,33,17.89,26.24,-0.076,0.674,-11.87,23.77,-58.46,34.71,103.64,104.02,115.51,108.6,-11.87,-5.31,12.58
s28,vid_s28_T3.avi,face_track,Best_ICA_2,,33,24.47,30.92,0.23,0.199,-22.0,22.06,-65.23,21.24,93.52,94.41,115.51,108.6,-22.0,-19.02,19.02
s28,vid_s28_T3.avi,face_track,ICA_3,,33,28.85,37.0,-0.189,0.293,-27.89,24.69,-76.27,20.5,87.63,87.15,115.51,108.6,-27.89,-17.57,17.57
s28,vid_s28_T3.avi,face_track,CHROM,,33,17.33,25.32,-0.169,0.347,-8.37,24.27,-55.93,39.19,107.14,107.66,115.51,108.6,-8.37,-3.07,11.59
s28,vid_s28_T3.avi,face_track,POS,,33,17.18,25.49,-0.12,0.505,-9.4,24.06,-56.57,37.76,106.11,106.45,115.51,108.6,-9.4,-3.1,12.22
s28,vid_s28_T3.avi,bbox_forehead,R,,33,28.2,35.29,0.173,0.336,-27.54,22.42,-71.48,16.41,87.98,86.69,115.51,108.6,-27.54,-23.28,23.28
s28,vid_s28_T3.avi,bbox_forehead,G,,33,28.58,35.58,0.174,0.333,-27.86,22.47,-71.89,16.17,87.65,87.24,115.51,108.6,-27.86,-24.48,24.48
s28,vid_s28_T3.avi,bbox_forehead,B,,33,27.23,33.96,0.249,0.163,-26.21,21.92,-69.18,16.75,89.3,89.71,115.51,108.6,-26.21,-24.53,24.53
s28,vid_s28_T3.avi,bbox_forehead,GREY_W,,33,28.46,35.44,0.181,0.313,-27.74,22.39,-71.63,16.15,87.77,87.36,115.51,108.6,-27.74,-24.25,24.25
s28,vid_s28_T3.avi,bbox_forehead,GREY_A,,33,28.18,35.1,0.197,0.271,-27.41,22.27,-71.07,16.25,88.11,87.53,115.51,108.6,-27.41,-24.23,24.23
s28,vid_s28_T3.avi,bbox_forehead,PCA_1,,33,28.22,35.18,0.192,0.285,-27.48,22.31,-71.2,16.25,88.04,87.34,115.51,108.6,-27.48,-24.09,24.09
s28,vid_s28_T3.avi,bbox_forehead,PCA_2,,33,28.23,35.87,0.087,0.631,-27.65,23.21,-73.15,17.85,87.87,87.89,115.51,108.6,-27.65,-22.83,22.83
s28,vid_s28_T3.avi,bbox_forehead,PCA_3,,33,21.21,29.76,-0.19,0.29,-16.93,24.85,-65.65,31.78,98.58,100.92,115.51,108.6,-16.93,-9.02,17.07
s28,vid_s28_T3.avi,bbox_forehead,ZCA_1,,33,25.05,32.76,0.149,0.407,-24.09,22.55,-68.29,20.11,91.42,90.8,115.51,108.6,-24.09,-18.34,18.34
s28,vid_s28_T3.avi,bbox_forehead,ZCA_2,,33,23.48,31.47,-0.056,0.758,-21.04,23.76,-67.61,25.53,94.47,94.47,115.51,108.6,-21.04,-17.61,17.61
s28,vid_s28_T3.avi,bbox_forehead,ZCA_3,,33,24.61,32.24,-0.056,0.757,-21.64,24.28,-69.22,25.95,93.88,92.67,115.51,108.6,-21.64,-14.94,19.12
s28,vid_s28_T3.avi,bbox_forehead,ICA_1,,33,21.27,29.68,-0.101,0.576,-17.64,24.24,-65.15,29.87,97.87,98.9,115.51,108.6,-17.64,-12.83,16.44
s28,vid_s28_T3.avi,bbox_forehead,Best_ICA_2,,33,27.97,35.72,0.019,0.916,-27.32,23.37,-73.12,18.48,88.19,86.95,115.51,108.6,-27.32,-23.64,23.64
s28,vid_s28_T3.avi,bbox_forehead,ICA_3,,33,25.39,33.01,0.093,0.606,-23.75,23.28,-69.38,21.87,91.76,90.83,115.51,108.6,-23.75,-20.19,20.19
s28,vid_s28_T3.avi,bbox_forehead,CHROM,,33,17.87,26.83,-0.15,0.405,-12.71,24.0,-59.75,34.32,102.8,102.5,115.51,108.6,-12.71,-6.71,11.11
s28,vid_s28_T3.avi,bbox_forehead,POS,,33,16.79,25.02,0.04,0.827,-10.9,22.87,-55.73,33.94,104.62,105.49,115.51,108.6,-10.9,-5.26,9.95
s28,vid_s28_T3.avi,mesh_forehead,R,,33,33.87,41.26,0.025,0.888,-33.87,23.93,-80.77,13.03,81.64,79.6,115.51,108.6,-33.87,-29.35,29.35
s28,vid_s28_T3.avi,mesh_forehead,G,,33,28.85,37.25,-0.012,0.946,-28.73,24.08,-75.93,18.48,86.79,86.05,115.51,108.6,-28.73,-27.84,27.84
s28,vid_s28_T3.avi,mesh_forehead,B,,33,33.97,41.45,-0.024,0.895,-33.91,24.19,-81.33,13.51,81.6,81.43,115.51,108.6,-33.91,-28.41,28.41
s28,vid_s28_T3.avi,mesh_forehead,GREY_W,,33,31.36,39.27,0.002,0.993,-31.34,24.02,-78.42,15.74,84.17,84.1,115.51,108.6,-31.34,-29.23,29.23
s28,vid_s28_T3.avi,mesh_forehead,GREY_A,,33,32.53,40.23,-0.001,0.996,-32.5,24.07,-79.68,14.68,83.01,80.81,115.51,108.6,-32.5,-29.83,29.83
s28,vid_s28_T3.avi,mesh_forehead,PCA_1,,33,32.56,40.26,0.001,0.995,-32.55,24.06,-79.71,14.61,82.96,80.8,115.51,108.6,-32.55,-29.88,29.88
s28,vid_s28_T3.avi,mesh_forehead,PCA_2,,33,33.69,40.1,0.184,0.304,-33.49,22.39,-77.38,10.4,82.03,80.12,115.51,108.6,-33.49,-27.77,27.77
s28,vid_s28_T3.avi,mesh_forehead,PCA_3,,33,21.34,28.66,0.274,0.122,-19.03,21.76,-61.68,23.62,96.49,97.95,115.51,108.6,-19.03,-12.9,13.84
s28,vid_s28_T3.avi,mesh_forehead,ZCA_1,,33,32.46,39.77,0.047,0.794,-32.21,23.69,-78.64,14.23,83.31,84.64,115.51,108.6,-32.21,-23.96,23.96
s28,vid_s28_T3.avi,mesh_forehead,ZCA_2,,33,18.12,26.31,0.25,0.161,-15.09,21.88,-57.98,27.79,100.42,99.43,115.51,108.6,-15.09,-10.89,14.4
s28,vid_s28_T3.avi,mesh_forehead,ZCA_3,,33,32.82,39.6,0.128,0.479,-32.48,23.0,-77.55,12.59,83.03,84.65,115.51,108.6,-32.48,-27.98,27.98
s28,vid_s28_T3.avi,mesh_forehead,Best_ICA_1,,33,26.23,33.16,0.223,0.212,-24.99,22.14,-68.39,18.42,90.53,89.71,115.51,108.6,-24.99,-20.02,20.02
s28,vid_s28_T3.avi,mesh_forehead,ICA_2,,33,27.02,35.04,0.159,0.377,-26.97,22.72,-71.5,17.55,88.54,87.38,115.51,108.6,-26.97,-24.3,24.3
s28,vid_s28_T3.avi,mesh_forehead,ICA_3,,33,22.65,31.01,-0.093,0.609,-19.36,24.6,-67.58,28.86,96.15,97.84,115.51,108.6,-19.36,-13.66,15.23
s28,vid_s28_T3.avi,mesh_forehead,CHROM,,33,15.96,23.33,0.313,0.076,-9.56,21.61,-51.91,32.8,105.96,105.8,115.51,108.6,-9.56,-2.42,8.28
s28,vid_s28_T3.avi,mesh_forehead,POS,,33,16.35,24.4,0.157,0.382,-10.44,22.4,-54.33,33.46,105.08,106.16,115.51,108.6,-10.44,-3.09,8.69
s34,vid_s34_T1.avi,manual,R,,33,12.5,14.7,-0.182,0.311,6.71,13.28,-19.32,32.73,78.58,78.5,71.88,69.77,6.71,10.62,13.06
s34,vid_s34_T1.avi,manual,G,,33,10.46,12.57,-0.231,0.195,4.68,11.85,-18.55,27.91,76.55,76.35,71.88,69.77,4.68,8.56,10.88
s34,vid_s34_T1.avi,manual,B,,33,10.06,12.56,-0.124,0.492,5.0,11.7,-17.93,27.92,76.87,76.44,71.88,69.77,5.0,7.79,8.9
s34,vid_s34_T1.avi,manual,GREY_W,,33,11.05,13.1,-0.256,0.151,5.13,12.24,-18.87,29.12,77.0,77.03,71.88,69.77,5.13,9.13,12.12
s34,vid_s34_T1.avi,manual,GREY_A,,33,11.05,13.11,-0.255,0.152,5.27,12.18,-18.61,29.15,77.15,76.95,71.88,69.77,5.27,8.35,10.9
s34,vid_s34_T1.avi,manual,PCA_1,,33,11.14,13.19,-0.254,0.153,5.33,12.26,-18.7,29.35,77.2,77.25,71.88,69.77,5.33,8.59,11.55
s34,vid_s34_T1.avi,manual,PCA_2,,33,11.89,14.08,0.009,0.96,6.3,12.79,-18.78,31.37,78.17,76.31,71.88,69.77,6.3,9.21,12.23
s34,vid_s34_T1.avi,manual,PCA_3,,33,7.65,10.29,-0.114,0.527,3.19,9.93,-16.27,22.66,75.07,74.87,71.88,69.77,3.19,4.54,5.18
s34,vid_s34_T1.avi,manual,ZCA_1,,33,9.97,11.88,-0.16,0.374,2.64,11.77,-20.42,25.7,74.51,75.31,71.88,69.77,2.64,6.32,9.92
s34,vid_s34_T1.avi,manual,ZCA_2,,33,8.24,10.82,-0.059,0.744,3.89,10.25,-16.19,23.98,75.77,74.45,71.88,69.77,3.89,4.88,7.01
s34,vid_s34_T1.avi,manual,ZCA_3,,33,8.68,11.2,-0.105,0.56,3.9,10.66,-16.98,24.79,75.78,75.13,71.88,69.77,3.9,4.47,7.75
s34,vid_s34_T1.avi,manual,ICA_1,,33,8.58,10.87,-0.155,0.389,1.46,10.93,-19.97,22.89,73.33,73.32,71.88,69.77,1.46,4.32,6.7
s34,vid_s34_T1.avi,manual,Best_ICA_2,,33,9.96,12.13,-0.199,0.267,4.26,11.53,-18.34,26.86,76.13,76.52,71.88,69.77,4.26,6.5,8.95
s34,vid_s34_T1.avi,manual,ICA_3,,33,8.24,10.76,-0.054,0.764,3.66,10.28,-16.49,23.81,75.53,74.66,71.88,69.77,3.66,4.87,7.45
s34,vid_s34_T1.avi,manual,CHROM,,33,7.8,10.38,-0.054,0.764,3.86,9.79,-15.34,23.05,75.73,75.42,71.88,69.77,3.86,5.07,5.91
s34,vid_s34_T1.avi,manual,POS,,33,7.47,9.85,0.003,0.986,3.32,9.42,-15.14,21.79,75.2,74.78,71.88,69.77,3.32,5.24,5.62
s34,vid_s34_T1.avi,none,R,,33,10.7,12.54,0.024,0.892,3.75,12.15,-20.07,27.57,75.63,75.4,71.88,69.77,3.75,2.43,11.96
s34,vid_s34_T1.avi,none,G,,33,9.59,11.57,-0.103,0.57,2.82,11.4,-19.52,25.16,74.7,76.3,71.88,69.77,2.82,7.73,9.37
s34,vid_s34_T1.avi,none,B,,33,11.74,13.78,-0.031,0.862,5.7,12.74,-19.28,30.67,77.57,78.12,71.88,69.77,5.7,9.26,10.48
s34,vid_s34_T1.avi,none,GREY_W,,33,10.13,12.05,-0.105,0.561,3.18,11.8,-19.95,26.3,75.05,76.24,71.88,69.77,3.18,7.97,10.5
s34,vid_s34_T1.avi,none,GREY_A,,33,10.5,12.4,-0.092,0.609,3.73,12.01,-19.81,27.26,75.6,76.71,71.88,69.77,3.73,7.72,11.03
s34,vid_s34_T1.avi,none,PCA_1,,33,10.5,12.36,-0.092,0.61,3.66,11.99,-19.85,27.17,75.53,76.84,71.88,69.77,3.66,7.83,11.16
s34,vid_s34_T1.avi,none,PCA_2,,33,13.35,15.82,-0.054,0.764,8.89,13.29,-17.17,34.94,80.77,79.21,71.88,69.77,8.89,10.38,12.87
s34,vid_s34_T1.avi,none,PCA_3,,33,7.52,10.06,-0.065,0.718,2.54,9.88,-16.83,21.91,74.41,73.78,71.88,69.77,2.54,4.27,5.97
s34,vid_s34_T1.avi,none,ZCA_1,,33,12.16,16.14,-0.075,0.68,5.64,15.35,-24.45,35.74,77.52,75.72,71.88,69.77,5.64,6.01,8.63
s34,vid_s34_T1.avi,none,ZCA_2,,33,7.22,9.86,-0.125,0.489,2.3,9.73,-16.78,21.38,74.18,74.38,71.88,69.77,2.3,4.51,5.36
s34,vid_s34_T1.avi,none,ZCA_3,,33,9.76,11.75,-0.139,0.439,5.07,10.76,-16.02,26.16,76.95,76.92,71.88,69.77,5.07,7.9,8.85
s34,vid_s34_T1.avi,none,Best_ICA_1,,33,7.69,10.36,-0.041,0.821,2.63,10.17,-17.31,22.56,74.5,73.43,71.88,69.77,2.63,4.47,5.69
s34,vid_s34_T1.avi,none,ICA_2,,33,14.62,17.9,-0.076,0.673,8.82,15.82,-22.19,39.82,80.69,80.02,71.88,69.77,8.82,8.2,13.76
s34,vid_s34_T1.avi,none,ICA_3,,33,10.33,12.44,-0.076,0.672,5.38,11.39,-16.94,27.7,77.25,76.15,71.88,69.77,5.38,8.73,9.21
s34,vid_s34_T1.avi,none,CHROM,,33,7.42,9.96,-0.09,0.617,2.84,9.7,-16.17,21.85,74.71,74.67,71.88,69.77,2.84,4.72,5.67
s34,vid_s34_T1.avi,none,POS,,33,7.64,9.88,-0.059,0.743,3.15,9.51,-15.5,21.79,75.02,74.86,71.88,69.77,3.15,5.51,6.14
s34,vid_s34_T1.avi,face_track,R,,33,18.48,21.23,-0.036,0.84,16.65,13.36,-9.53,42.84,88.53,87.07,71.88,69.77,16.65,18.33,18.81
s34,vid_s34_T1.avi,face_track,G,,33,16.59,20.3,-0.051,0.778,14.77,14.13,-12.93,42.47,86.65,85.66,71.88,69.77,14.77,14.48,15.7
s34,vid_s34_T1.avi,face_track,B,,33,16.09,20.33,-0.035,0.847,14.32,14.65,-14.4,43.04,86.2,83.15,71.88,69.77,14.32,12.32,16.07
s34,vid_s34_T1.avi,face_track,GREY_W,,33,17.44,20.93,-0.041,0.82,15.69,14.07,-11.88,43.26,87.57,86.16,71.88,69.77,15.69,16.55,16.63
s34,vid_s34_T1.avi,face_track,GREY_A,,33,17.38,20.93,-0.04,0.826,15.63,14.14,-12.08,43.34,87.51,85.63,71.88,69.77,15.63,16.8,17.18
s34,vid_s34_T1.avi,face_track,PCA_1,,33,17.55,20.99,-0.039,0.828,15.79,14.04,-11.73,43.32,87.67,85.96,71.88,69.77,15.79,16.96,17.12
s34,vid_s34_T1.avi,face_track,PCA_2,,33,13.52,16.64,0.145,0.421,11.82,11.9,-11.5,35.14,83.7,82.04,71.88,69.77,11.82,13.44,13.77
s34,vid_s34_T1.avi,face_track,PCA_3,,33,9.03,11.54,-0.097,0.592,5.04,10.54,-15.62,25.7,76.91,76.08,71.88,69.77,5.04,5.59,7.52
s34,vid_s34_T1.avi,face_track,ZCA_1,,33,15.13,17.36,0.034,0.852,12.73,11.98,-10.76,36.22,84.61,85.12,71.88,69.77,12.73,15.81,16.04
s34,vid_s34_T1.avi,face_track,ZCA_2,,33,8.39,11.5,-0.079,0.662,4.43,10.77,-16.68,25.54,76.31,74.57,71.88,69.77,4.43,4.38,6.3
s34,vid_s34_T1.avi,face_track,ZCA_3,,33,10.34,12.59,-0.037,0.838,7.33,10.39,-13.04,27.7,79.21,79.57,71.88,69.77,7.33,8.35,8.44
s34,vid_s34_T1.avi,face_track,Best_ICA_1,,33,11.55,13.59,-0.079,0.662,8.22,10.99,-13.33,29.77,80.09,79.64,71.88,69.77,8.22,9.97,10.87
s34,vid_s34_T1.avi,face_track,ICA_2,,33,12.8,15.02,0.137,0.448,11.12,10.26,-8.98,31.22,83.0,83.74,71.88,69.77,11.12,11.5,11.86
s34,vid_s34_T1.avi,face_track,ICA_3,,33,10.02,13.13,-0.198,0.27,6.14,11.78,-16.95,29.23,78.02,77.17,71.88,69.77,6.14,7.41,8.61
s34,vid_s34_T1.avi,face_track,CHROM,,33,9.38,11.66,-0.2,0.264,5.68,10.33,-14.57,25.94,77.56,77.43,71.88,69.77,5.68,6.97,7.42
s34,vid_s34_T1.avi,face_track,POS,,33,9.42,11.67,-0.205,0.251,6.02,10.15,-13.88,25.92,77.89,78.06,71.88,69.77,6.02,6.67,8.33
s34,vid_s34_T1.avi,bbox_forehead,R,,33,20.62,23.24,-0.206,0.251,19.25,13.22,-6.67,45.17,91.13,90.39,71.88,69.77,19.25,20.23,20.23
s34,vid_s34_T1.avi,bbox_forehead,G,,33,19.01,22.4,-0.187,0.299,17.65,14.01,-9.81,45.1,89.52,87.44,71.88,69.77,17.65,19.06,19.12
s34,vid_s34_T1.avi,bbox_forehead,B,,33,20.46,24.13,-0.148,0.41,17.66,16.69,-15.05,50.38,89.54,90.12,71.88,69.77,17.66,20.79,20.79
s34,vid_s34_T1.avi,bbox_forehead,GREY_W,,33,19.79,22.98,-0.206,0.251,18.38,14.01,-9.08,45.84,90.26,88.68,71.88,69.77,18.38,20.05,20.05
s34,vid_s34_T1.avi,bbox_forehead,GREY_A,,33,20.02,23.43,-0.221,0.216,18.5,14.61,-10.14,47.14,90.37,89.14,71.88,69.77,18.5,20.55,20.55
s34,vid_s34_T1.avi,bbox_forehead,PCA_1,,33,20.12,23.34,-0.221,0.216,18.64,14.27,-9.32,46.6,90.52,89.2,71.88,69.77,18.64,20.68,20.68
s34,vid_s34_T1.avi,bbox_forehead,PCA_2,,33,16.01,19.19,0.19,0.29,15.42,11.6,-7.32,38.16,87.3,88.06,71.88,69.77,15.42,15.3,15.3
s34,vid_s34_T1.avi,bbox_forehead,PCA_3,,33,11.37,13.58,-0.021,0.906,8.6,10.67,-12.31,29.52,80.48,80.56,71.88,69.77,8.6,10.7,11.88
s34,vid_s34_T1.avi,bbox_forehead,ZCA_1,,33,18.48,20.02,-0.165,0.359,16.15,12.01,-7.4,39.69,88.02,88.9,71.88,69.77,16.15,19.18,19.4
s34,vid_s34_T1.avi,bbox_forehead,ZCA_2,,33,12.71,15.03,-0.076,0.674,9.36,11.95,-14.07,32.78,81.23,80.51,71.88,69.77,9.36,12.24,12.49
s34,vid_s34_T1.avi,bbox_forehead,ZCA_3,,33,16.26,19.57,0.121,0.502,14.64,13.18,-11.19,40.48,86.52,88.13,71.88,69.77,14.64,17.36,17.36
s34,vid_s34_T1.avi,bbox_forehead,ICA_1,,33,19.72,21.41,-0.214,0.231,17.7,12.24,-6.3,41.69,89.57,90.83,71.88,69.77,17.7,20.4,20.76
s34,vid_s34_T1.avi,bbox_forehead,Best_ICA_2,,33,13.8,16.67,-0.036,0.843,11.3,12.45,-13.1,35.7,83.17,82.19,71.88,69.77,11.3,12.41,12.72
s34,vid_s34_T1.avi,bbox_forehead,ICA_3,,33,14.92,17.46,-0.05,0.78,11.57,13.28,-14.45,37.59,83.45,84.33,71.88,69.77,11.57,13.15,14.46
s34,vid_s34_T1.avi,bbox_forehead,CHROM,,33,15.48,17.26,0.021,0.909,13.3,11.17,-8.59,35.19,85.18,84.4,71.88,69.77,13.3,12.98,15.34
s34,vid_s34_T1.avi,bbox_forehead,POS,,33,12.46,14.59,-0.031,0.864,9.99,10.8,-11.17,31.15,81.86,81.43,71.88,69.77,9.99,11.13,11.25
s34,vid_s34_T1.avi,mesh_forehead,R,,33,11.38,13.65,0.035,0.847,7.49,11.59,-15.22,30.21,79.37,78.39,71.88,69.77,7.49,8.91,10.25
s34,vid_s34_T1.avi,mesh_forehead,G,,33,8.55,11.23,-0.158,0.381,4.06,10.64,-16.79,24.91,75.93,76.4,71.88,69.77,4.06,6.01,7.4
s34,vid_s34_T1.avi,mesh_forehead,B,,33,10.85,13.5,-0.067,0.709,7.42,11.46,-15.04,29.87,79.3,79.04,71.88,69.77,7.42,8.19,10.99
s34,vid_s34_T1.avi,mesh_forehead,GREY_W,,33,9.39,11.91,-0.112,0.535,5.26,10.85,-16.01,26.52,77.13,76.63,71.88,69.77,5.26,6.85,8.99
s34,vid_s34_T1.avi,mesh_forehead,GREY_A,,33,10.14,12.8,-0.11,0.542,6.34,11.3,-15.81,28.48,78.21,78.14,71.88,69.77,6.34,7.89,9.62
s34,vid_s34_T1.avi,mesh_forehead,PCA_1,,33,10.23,12.82,-0.097,0.59,6.41,11.27,-15.69,28.5,78.28,77.77,71.88,69.77,6.41,7.67,9.75
s34,vid_s34_T1.avi,mesh_forehead,PCA_2,,33,11.79,13.96,0.119,0.51,8.47,11.26,-13.6,30.55,80.35,79.79,71.88,69.77,8.47,9.18,10.09
s34,vid_s34_T1.avi,mesh_forehead,PCA_3,,33,6.87,9.81,-0.056,0.756,2.45,9.65,-16.47,21.36,74.32,73.47,71.88,69.77,2.45,3.89,4.98
s34,vid_s34_T1.avi,mesh_forehead,ZCA_1,,33,8.29,10.51,0.09,0.617,3.33,10.12,-16.51,23.17,75.21,74.03,71.88,69.77,3.33,5.2,6.04
s34,vid_s34_T1.avi,mesh_forehead,ZCA_2,,33,6.99,9.89,-0.179,0.32,1.99,9.84,-17.29,21.28,73.87,73.38,71.88,69.77,1.99,3.32,5.52
s34,vid_s34_T1.avi,mesh_forehead,ZCA_3,,33,10.07,12.73,-0.162,0.369,6.52,11.1,-15.24,28.28,78.39,78.67,71.88,69.77,6.52,8.72,8.78
s34,vid_s34_T1.avi,mesh_forehead,ICA_1,,33,8.55,10.81,-0.075,0.678,4.21,10.11,-15.6,24.02,76.08,75.84,71.88,69.77,4.21,5.89,6.59
s34,vid_s34_T1.avi,mesh_forehead,Best_ICA_2,,33,7.14,9.87,0.007,0.97,2.28,9.75,-16.83,21.39,74.16,73.33,71.88,69.77,2.28,3.67,6.0
s34,vid_s34_T1.avi,mesh_forehead,ICA_3,,33,6.98,9.74,-0.036,0.844,2.09,9.66,-16.86,21.03,73.96,73.16,71.88,69.77,2.09,4.04,5.15
s34,vid_s34_T1.avi,mesh_forehead,CHROM,,33,7.48,9.96,-0.171,0.341,3.11,9.6,-15.72,21.93,74.99,74.71,71.88,69.77,3.11,5.53,5.97
s34,vid_s34_T1.avi,mesh_forehead,POS,,33,7.13,9.83,-0.143,0.428,2.65,9.61,-16.19,21.5,74.53,74.17,71.88,69.77,2.65,4.48,5.58
